# .PCD v0.7 - Point Cloud Data file format
VERSION 0.7
FIELDS x y z
SIZE 4 4 4
TYPE F F F
COUNT 1 1 1
WIDTH 3891
HEIGHT 1
VIEWPOINT 0 0 0 1 0 0 0
POINTS 3891
DATA ascii
-0.61081308 0.36176175 1.1160001
-0.61081308 0.36363158 1.1160001
-0.6086238 0.36419138 1.1120001
-0.6086238 0.36605451 1.1120001
-0.6090343 0.36816573 1.1127501
-0.61218137 0.37194216 1.1185
-0.61751777 0.37707475 1.12825
-0.61751777 0.37896511 1.12825
-0.61765468 0.38093984 1.1285001
-0.59202749 0.32989827 1.085
-0.59202749 0.33171615 1.085
-0.59202749 0.333534 1.085
-0.59202749 0.33535191 1.085
-0.60894257 0.36176175 1.1160001
-0.60894257 0.36363158 1.1160001
-0.60676003 0.36419138 1.1120001
-0.60676003 0.36605451 1.1120001
-0.60716921 0.36816573 1.1127501
-0.61030668 0.37194216 1.1185
-0.61562675 0.37707475 1.12825
-0.61562675 0.37896511 1.12825
-0.61576319 0.38093984 1.1285001
-0.59306479 0.32966784 1.09025
-0.59020895 0.32989827 1.085
-0.59020895 0.33171615 1.085
-0.59020895 0.333534 1.085
-0.59020895 0.33535191 1.085
-0.61577564 0.35177532 1.1320001
-0.60911196 0.36485344 1.11975
-0.60911196 0.36672956 1.11975
-0.60911196 0.36860564 1.11975
-0.60979193 0.37089533 1.1210001
-0.61359972 0.37510127 1.128
-0.61373568 0.37707475 1.12825
-0.61373568 0.37896511 1.12825
-0.6014964 0.39549205 1.1057501
-0.6014964 0.39734471 1.1057501
-0.6014964 0.39919734 1.1057501
-0.60244834 0.40168467 1.1075001
-0.60244834 0.40354028 1.1075001
-0.59123743 0.32966784 1.09025
-0.58852595 0.32997426 1.08525
-0.58852595 0.33179256 1.08525
-0.58852595 0.33361086 1.08525
-0.61387831 0.3498787 1.1320001
-0.61387831 0.35177532 1.1320001
-0.61184466 0.37518439 1.12825
-0.61184466 0.37707475 1.12825
-0.61184466 0.37896511 1.12825
-0.59964305 0.39549205 1.1057501
-0.59964305 0.39734471 1.1057501
-0.55042976 0.36643481 1.0150001
-0.55042976 0.36813542 1.0150001
-0.55042976 0.36983603 1.0150001
-0.54872853 0.36643481 1.0150001
-0.54872853 0.36813542 1.0150001
-0.54872853 0.36983603 1.0150001
-0.54702723 0.36643481 1.0150001
-0.54702723 0.36813542 1.0150001
-0.54702723 0.36983603 1.0150001
-0.54532605 0.36643481 1.0150001
-0.54532605 0.36813542 1.0150001
-0.54532605 0.36983603 1.0150001
-0.52702147 0.36513513 0.98400003
-0.52702147 0.3667838 0.98400003
-0.52537221 0.36513513 0.98400003
-0.52523869 0.36669061 0.98375005
-0.52523869 0.36833885 0.98375005
-0.52483827 0.36970502 0.98300004
-0.52483827 0.37135202 0.98300004
-0.52523869 0.37328357 0.98375005
-0.52737439 0.37645629 0.98775005
-0.52737439 0.37811127 0.98775005
-0.54192358 0.39024317 1.0150001
-0.52345675 0.36659744 0.98350006
-0.52345675 0.36824524 0.98350006
-0.52305758 0.36961102 0.98275006
-0.52279145 0.37106866 0.98225003
-0.52279145 0.3727144 0.98225003
-0.52279145 0.37436011 0.98225003
-0.52571875 0.37811127 0.98775005
-0.54022229 0.39024317 1.0150001
-0.52180833 0.36659744 0.98350006
-0.52180833 0.36824524 0.98350006
-0.52141041 0.36961102 0.98275006
-0.52114511 0.37106866 0.98225003
-0.52114511 0.3727144 0.98225003
-0.52114511 0.37436011 0.98225003
-0.5201599 0.36659744 0.98350006
-0.5201599 0.36824524 0.98350006
-0.51976323 0.36961102 0.98275006
-0.51936656 0.37097424 0.98200005
-0.51936656 0.37261954 0.98200005
-0.51896989 0.37397897 0.98125005
-0.51301992 0.37131655 0.97000003
-0.51301992 0.37294173 0.97000003
-0.51328439 0.37476 0.97050005
-0.50535107 0.37056866 0.95550007
-0.5049544 0.37187743 0.95475006
-0.51772064 0.37097424 0.98200005
-0.51772064 0.37261954 0.98200005
-0.51679802 0.37359786 0.98025006
-0.51139414 0.37131655 0.97000003
-0.50414503 0.36765522 0.95625007
-0.50414503 0.36925736 0.95625007
-0.50374961 0.37056866 0.95550007
-0.50335419 0.37187743 0.95475006
-0.51515502 0.37359786 0.98025006
-0.51055658 0.37189075 0.97150004
-0.5025422 0.36765522 0.95625007
-0.5025422 0.36925736 0.95625007
-0.5022794 0.37066564 0.95575005
-0.50214803 0.37216958 0.95550007
-0.51167852 0.37390047 0.97675008
-0.50657088 0.37178832 0.96700007
-0.50657088 0.3734085 0.96700007
-0.50107038 0.37095651 0.95650005
-0.50080842 0.37236431 0.95600003
-0.60547018 0.37586266 1.1595
-0.60547018 0.37780535 1.1595
-0.51004142 0.37390047 0.97675008
-0.50495011 0.37178832 0.96700007
-0.50495011 0.3734085 0.96700007
-0.49946722 0.37095651 0.95650005
-0.4992061 0.37236431 0.95600003
-0.60352671 0.37586266 1.1595
-0.60352671 0.37780535 1.1595
-0.50775367 0.37505636 0.97550005
-0.50775367 0.37669078 0.97550005
-0.50033647 0.37279868 0.96125007
-0.49838454 0.37294856 0.95750004
-0.57006431 0.35617 1.09875
-0.57006431 0.35801089 1.09875
-0.57006431 0.35985184 1.09875
-0.506378 0.37851912 0.97600007
-0.49872527 0.37440923 0.96125007
-0.56822276 0.35432908 1.09875
-0.56822276 0.35617 1.09875
-0.56822276 0.35801089 1.09875
-0.56822276 0.35985184 1.09875
-0.50512999 0.38044649 0.97675008
-0.59615004 0.36907718 1.1565001
-0.59615004 0.37101489 1.1565001
-0.56638116 0.35432908 1.09875
-0.56638116 0.35617 1.09875
-0.56638116 0.35801089 1.09875
-0.56638116 0.35985184 1.09875
-0.50349289 0.38044649 0.97675008
-0.59421164 0.36907718 1.1565001
-0.59421164 0.37101489 1.1565001
-0.59227318 0.36907718 1.1565001
-0.59227318 0.37101489 1.1565001
-0.72614676 0.42439541 1.42725
-0.72614676 0.42678672 1.42725
-0.55112875 0.36385018 1.08325
-0.55112875 0.36566511 1.08325
-0.55112875 0.36748007 1.08325
-0.55112875 0.36929503 1.08325
-0.54998404 0.37758386 1.0810001
-0.54998404 0.37939504 1.0810001
-0.54998404 0.38120621 1.0810001
-0.54998404 0.38301739 1.0810001
-0.54998404 0.38482857 1.0810001
-0.51017249 0.37377283 1.00275
-0.51017249 0.37545288 1.00275
-0.51017249 0.37713298 1.00275
-0.72375458 0.4196128 1.42725
-0.72375458 0.42200407 1.42725
-0.72375458 0.42439541 1.42725
-0.72375458 0.42678672 1.42725
-0.54931313 0.36385018 1.08325
-0.54931313 0.36566511 1.08325
-0.54931313 0.36748007 1.08325
-0.54931313 0.36929503 1.08325
-0.54817218 0.37758386 1.0810001
-0.54817218 0.37939504 1.0810001
-0.54817218 0.38120621 1.0810001
-0.54817218 0.38301739 1.0810001
-0.54817218 0.38482857 1.0810001
-0.50697047 0.37097952 0.99975002
-0.50582951 0.37181589 0.99750006
-0.50582951 0.37348717 0.99750006
-0.50468856 0.37431225 0.99525005
-0.50468856 0.37597975 0.99525005
-0.5102666 0.38182119 1.00625
-0.72136229 0.4196128 1.42725
-0.72136229 0.42200407 1.42725
-0.72136229 0.42439541 1.42725
-0.72136229 0.42678672 1.42725
-0.68636185 0.41973078 1.358
-0.68636185 0.42200604 1.358
-0.54636025 0.37758386 1.0810001
-0.54636025 0.37939504 1.0810001
-0.50504208 0.36911976 0.99925005
-0.50504208 0.370794 0.99925005
-0.50226223 0.3704181 0.99375004
-0.50226223 0.37208307 0.99375004
-0.50226223 0.37374809 0.99375004
-0.50112504 0.37456307 0.99150002
-0.50112504 0.37622428 0.99150002
-1.1209586 0.016681334 2.22525
-1.1209586 0.020409664 2.22525
-0.68408579 0.41973078 1.358
-0.68408579 0.42200604 1.358
-0.54454839 0.37758386 1.0810001
-0.54454839 0.37939504 1.0810001
-0.50336725 0.36911976 0.99925005
-0.50336725 0.370794 0.99925005
-0.50059664 0.3704181 0.99375004
-0.50059664 0.37208307 0.99375004
-0.50059664 0.37374809 0.99375004
-0.4994632 0.37456307 0.99150002
-0.4994632 0.37622428 0.99150002
-1.1172289 0.016681334 2.22525
-1.1172289 0.020409664 2.22525
-0.58955443 0.41212264 1.17425
-0.58955443 0.41409007 1.17425
-0.50093931 0.36856568 0.99775004
-0.49893102 0.36875311 0.99375004
-0.49893102 0.3704181 0.99375004
-0.49893102 0.37208307 0.99375004
-0.49767587 0.37280783 0.99125004
-0.49767587 0.37446865 0.99125004
-0.49780136 0.37622428 0.99150002
-1.1134992 0.016681334 2.22525
-1.1134992 0.020409664 2.22525
-0.58758628 0.41212264 1.17425
-0.58758628 0.41409007 1.17425
-0.49926698 0.36856568 0.99775004
-0.49726543 0.36875311 0.99375004
-0.49726543 0.3704181 0.99375004
-0.49601445 0.37280783 0.99125004
-0.49501365 0.37371311 0.98925006
-0.4930121 0.37385276 0.98525006
-0.4930121 0.37550348 0.98525006
-0.4930121 0.37715426 0.98525006
-0.58561814 0.41212264 1.17425
-0.58561814 0.41409007 1.17425
-0.49298152 0.37342978 0.98850006
-0.49136069 0.37385276 0.98525006
-0.49136069 0.37550348 0.98525006
-0.4888671 0.37524027 0.98025006
-0.4888671 0.37688264 0.98025006
-0.49372962 0.38560742 0.99000007
-0.49132469 0.37342978 0.98850006
-0.49132469 0.37508595 0.98850006
-0.4872241 0.37524027 0.98025006
-0.4872241 0.37688264 0.98025006
-0.49207026 0.38560742 0.99000007
-0.48966789 0.37342978 0.98850006
-0.48966789 0.37508595 0.98850006
-0.48558113 0.37524027 0.98025006
-0.4801321 0.37265337 0.96925002
-0.4801321 0.37427732 0.96925002
-0.4801321 0.37590128 0.96925002
-0.48483807 0.3812255 0.97875005
-0.61933213 0.3351942 1.2545
-0.61205024 0.33333024 1.23975
-0.61205024 0.33540741 1.23975
-0.61081606 0.33680406 1.2372501
-0.61044574 0.33867157 1.2365
-0.61044574 0.34074327 1.2365
-0.47850752 0.37265337 0.96925002
-0.47850752 0.37427732 0.96925002
-0.47850752 0.37590128 0.96925002
-0.48319757 0.3812255 0.97875005
-0.61673754 0.33072662 1.2535001
-0.61673754 0.33282682 1.2535001
-0.61009532 0.3313199 1.24
-0.60898829 0.33279252 1.2377501
-0.60898829 0.33486632 1.2377501
-0.6087423 0.33680406 1.2372501
-0.60468322 0.33661738 1.2290001
-0.60357618 0.33805645 1.22675
-0.60357618 0.34011182 1.22675
-0.60357618 0.34216723 1.22675
-0.47688299 0.37265337 0.96925002
-0.47688299 0.37427732 0.96925002
-0.47688299 0.37590128 0.96925002
-0.48106509 0.38083601 0.97775006
-0.61463654 0.33072662 1.2535001
-0.61463654 0.33282682 1.2535001
-0.60728151 0.33091915 1.2385001
-0.60691369 0.33279252 1.2377501
-0.60691369 0.33486632 1.2377501
-0.60654598 0.33673599 1.2370001
-0.60237807 0.33648041 1.2285
-0.60152 0.33805645 1.22675
-0.60152 0.34011182 1.22675
-0.60152 0.34216723 1.22675
-0.47942629 0.37919784 0.97775006
-0.47942629 0.38083601 0.97775006
-0.60520566 0.33091915 1.2385001
-0.60520566 0.33299419 1.2385001
-0.60447264 0.33673599 1.2370001
-0.60031903 0.33648041 1.2285
-0.60031903 0.33853871 1.2285
-0.47778749 0.37919784 0.97775006
-0.47778749 0.38083601 0.97775006
-0.66777688 0.36409155 1.37125
-0.6031298 0.33091915 1.2385001
-0.6031298 0.33299419 1.2385001
-0.60239929 0.33673599 1.2370001
-0.59825993 0.33648041 1.2285
-0.59825993 0.33853871 1.2285
-0.7153796 0.40973604 1.4690001
-0.7153796 0.41219729 1.4690001
-0.66547859 0.36409155 1.37125
-0.66547859 0.36638904 1.37125
-0.71291745 0.40973604 1.4690001
-0.71291745 0.41219729 1.4690001
-0.48220083 0.39106044 1.0040001
-0.53519845 0.34562883 1.11825
-0.53519845 0.34750241 1.11825
-0.5447706 0.35562462 1.1382501
-0.48051801 0.37928528 1.0040001
-0.48051801 0.38096744 1.0040001
-0.48063767 0.38779262 1.00425
-0.48063767 0.38947523 1.00425
-0.48051801 0.39106044 1.0040001
-0.53332418 0.34562883 1.11825
-0.53332418 0.34750241 1.11825
-0.53380114 0.34968841 1.1192501
-0.47883523 0.37928528 1.0040001
-0.47883523 0.38096744 1.0040001
-0.47895446 0.38779262 1.00425
-0.47895446 0.38947523 1.00425
-0.47883523 0.39106044 1.0040001
-0.46764737 -0.274544 0.98400003
-0.46764737 -0.27289534 0.98400003
-0.53192514 0.34781316 1.1192501
-0.53192514 0.34968841 1.1192501
-0.48154846 0.37768665 1.01325
-0.48154846 0.37938431 1.01325
-0.4677662 0.37182423 0.98425007
-0.4677662 0.37347329 0.98425007
-0.47727123 0.38611004 1.00425
-0.47727123 0.38779262 1.00425
-0.47727123 0.38947523 1.00425
-0.47121176 0.38619164 0.99150002
-0.46599811 -0.274544 0.98400003
-0.46599811 -0.27289534 0.98400003
-0.47985017 0.37768665 1.01325
-0.47985017 0.37938431 1.01325
-0.46741885 0.37120941 0.98700005
-0.46587971 0.37163535 0.98375005
-0.46587971 0.37328357 0.98375005
-0.47558802 0.38611004 1.00425
-0.46706367 0.38084191 0.98625004
-0.46706367 0.38249436 0.98625004
-0.46706367 0.38414675 0.98625004
-0.46576452 0.37120941 0.98700005
-0.46423084 0.37163535 0.98375005
-0.46423084 0.37328357 0.98375005
-0.46434879 0.37667575 0.98400003
-0.46434879 0.37832439 0.98400003
-0.46434879 0.37997305 0.98400003
-0.46446681 0.3817187 0.98425007
-0.46446681 0.38336778 0.98425007
-0.57014555 0.34631863 1.2125001
-0.57014555 0.34835011 1.2125001
-0.46269953 0.37667575 0.98400003
-0.46269953 0.37832439 0.98400003
-0.46269953 0.37997305 0.98400003
-0.4628171 0.3817187 0.98425007
-0.4628171 0.38336778 0.98425007
-0.56811327 0.34631863 1.2125001
-0.56811327 0.34835011 1.2125001
-0.46105024 0.37667575 0.98400003
-0.46105024 0.37832439 0.98400003
-0.46105024 0.37997305 0.98400003
-0.4611674 0.3817187 0.98425007
-0.4611674 0.38336778 0.98425007
-0.56608099 0.34631863 1.2125001
-0.56608099 0.34835011 1.2125001
-0.49138165 0.38879013 1.0525
-0.49138165 0.39055359 1.0525
-0.49138165 0.392317 1.0525
-0.45940098 0.37667575 0.98400003
-0.45940098 0.37832439 0.98400003
-0.45940098 0.37997305 0.98400003
-0.45951772 0.3817187 0.98425007
-0.45951772 0.38336778 0.98425007
-0.56404871 0.31584612 1.2125001
-0.56404871 0.31787759 1.2125001
-0.56381607 0.32383847 1.212
-0.56381607 0.32586914 1.212
-0.48961753 0.38879013 1.0525
-0.48961753 0.39055359 1.0525
-0.48961753 0.392317 1.0525
-0.45786801 0.37842053 0.98425007
-0.45786801 0.38006961 0.98425007
-0.45786801 0.3817187 0.98425007
-0.45786801 0.38336778 0.98425007
-0.56201649 0.31584612 1.2125001
-0.56201649 0.31787759 1.2125001
-0.56178468 0.32383847 1.212
-0.56178468 0.32586914 1.212
-0.56178468 0.32789978 1.212
-0.56178468 0.32993048 1.212
-0.48785344 0.38879013 1.0525
-0.48785344 0.39055359 1.0525
-0.48785344 0.392317 1.0525
-0.4563342 0.37851664 0.98450005
-0.4563342 0.38016614 0.98450005
-0.4563342 0.38181564 0.98450005
-0.4563342 0.38346514 0.98450005
-0.55975324 0.32383847 1.212
-0.55975324 0.32586914 1.212
-0.55975324 0.32789978 1.212
-0.55975324 0.32993048 1.212
-0.49809724 0.39297351 1.0785
-0.49809724 0.39478052 1.0785
-0.4862048 0.38711864 1.05275
-0.48608935 0.38879013 1.0525
-0.48608935 0.39055359 1.0525
-0.48597389 0.39222383 1.05225
-0.48597389 0.39398682 1.05225
-0.46403635 0.38461885 1.00475
-0.45468405 0.37851664 0.98450005
-0.45468405 0.38016614 0.98450005
-0.45468405 0.38181564 0.98450005
-0.45468405 0.38346514 0.98450005
-0.55772179 0.32383847 1.212
-0.55772179 0.32586914 1.212
-0.55772179 0.32789978 1.212
-0.55772179 0.32993048 1.212
-0.49628961 0.39297351 1.0785
-0.4846704 0.38553786 1.0532501
-0.47316626 0.37810951 1.0282501
-0.47316626 0.3798323 1.0282501
-0.47316626 0.38155511 1.0282501
-0.47523698 0.38495523 1.03275
-0.47558212 0.38696641 1.0335001
-0.47558212 0.38869804 1.0335001
-0.47167072 0.38721853 1.0250001
-0.47132558 0.38865128 1.02425
-0.47132558 0.39036736 1.02425
-0.46235231 0.38461885 1.00475
-0.45314899 0.37861276 0.98475003
-0.45314899 0.38026267 0.98475003
-0.45314899 0.38191259 0.98475003
-0.45314899 0.38356251 0.98475003
-0.48290506 0.38553786 1.0532501
-0.47144279 0.37810951 1.0282501
-0.47144279 0.3798323 1.0282501
-0.47098428 0.38118404 1.0272501
-0.47064045 0.38262561 1.0265001
-0.4699527 0.38378382 1.0250001
-0.4699527 0.38550121 1.0250001
-0.46972343 0.38702962 1.0245
-0.46937957 0.38846156 1.0237501
-0.46937957 0.3901768 1.0237501
-0.4614706 0.38528875 1.0065
-0.45172769 0.37880501 0.98525006
-0.45172769 0.38045576 0.98525006
-0.45172769 0.38210651 0.98525006
-0.45172769 0.38375726 0.98525006
-0.51277411 0.36574951 1.1225001
-0.51277411 0.36763024 1.1225001
-0.51277411 0.36951092 1.1225001
-0.48113972 0.38553786 1.0532501
-0.48113972 0.38730255 1.0532501
-0.46926254 0.38118404 1.0272501
-0.46891993 0.38262561 1.0265001
-0.46823472 0.38378382 1.0250001
-0.46823472 0.38550121 1.0250001
-0.46800628 0.38702962 1.0245
-0.46766368 0.38846156 1.0237501
-0.46766368 0.3901768 1.0237501
-0.46035466 0.38576728 1.00775
-0.45247459 0.38082349 0.99050003
-0.45030472 0.38064882 0.98575002
-0.45030472 0.38230044 0.98575002
-0.45030472 0.38395199 0.98575002
-0.7394858 0.2735121 1.62475
-0.7394858 0.27623427 1.62475
-0.51089269 0.36574951 1.1225001
-0.51089269 0.36763024 1.1225001
-0.51089269 0.36951092 1.1225001
-0.46754074 0.38118404 1.0272501
-0.46697181 0.3824392 1.026
-0.46640289 0.38369018 1.02475
-0.46640289 0.38540712 1.02475
-0.46606153 0.38684076 1.024
-0.45866555 0.38239035 1.00775
-0.45866555 0.3840788 1.00775
-0.45866555 0.38576728 1.00775
-0.4508144 0.38082349 0.99050003
-0.44865251 0.38064882 0.98575002
-0.44865251 0.38230044 0.98575002
-0.44865251 0.38395199 0.98575002
-0.73676258 0.2735121 1.62475
-0.73676258 0.27623427 1.62475
-0.55979902 0.34846559 1.2345001
-0.55979902 0.35053393 1.2345001
-0.55979902 0.35260233 1.2345001
-0.46525216 0.3824392 1.026
-0.46434525 0.38340938 1.024
-0.46434525 0.38512507 1.024
-0.45674977 0.38051304 1.0072501
-0.45674977 0.38220063 1.0072501
-0.45697647 0.3840788 1.00775
-0.45697647 0.38576728 1.00775
-0.45708984 0.38755181 1.008
-0.44938099 0.38267612 0.99100006
-0.44938099 0.38433653 0.99100006
-0.44745377 0.38434154 0.98675007
-0.73403931 0.2735121 1.62475
-0.73403931 0.27623427 1.62475
-0.73403931 0.2789565 1.62475
-0.73403931 0.28167874 1.62475
-0.55772984 0.34846559 1.2345001
-0.55772984 0.35053393 1.2345001
-0.55772984 0.35260233 1.2345001
-0.52271646 0.36148271 1.1570001
-0.52271646 0.3634212 1.1570001
-0.52271646 0.36535972 1.1570001
-0.52271646 0.36729825 1.1570001
-0.53796417 0.40594324 1.19075
-0.53796417 0.4079383 1.19075
-0.53796417 0.40993336 1.19075
-0.45460969 0.37676337 1.00625
-0.45460969 0.37844932 1.00625
-0.45460969 0.38013524 1.00625
-0.45438382 0.38163146 1.0057501
-0.45438382 0.38331655 1.0057501
-0.45438382 0.38500169 1.0057501
-0.45562625 0.3877441 1.0085001
-0.45596504 0.38972339 1.00925
-0.45619094 0.39160827 1.00975
-0.45641685 0.39349484 1.0102501
-0.73131609 0.27623427 1.62475
-0.73131609 0.2789565 1.62475
-0.73131609 0.28167874 1.62475
-0.52100223 0.35969955 1.1575
-0.52077723 0.36148271 1.1570001
-0.52077723 0.3634212 1.1570001
-0.52077723 0.36535972 1.1570001
-0.52077723 0.36729825 1.1570001
-0.53596842 0.40594324 1.19075
-0.53596842 0.4079383 1.19075
-0.53596842 0.40993336 1.19075
-0.45292312 0.37676337 1.00625
-0.45292312 0.37844932 1.00625
-0.45292312 0.38013524 1.00625
-0.45269808 0.38163146 1.0057501
-0.45269808 0.38331655 1.0057501
-0.45269808 0.38500169 1.0057501
-0.45416096 0.38793632 1.0090001
-0.4544985 0.38991645 1.00975
-0.4547236 0.39180222 1.0102501
-0.45494863 0.39368957 1.0107501
-0.51906216 0.35969955 1.1575
-0.51895005 0.36156079 1.15725
-0.51895005 0.36349973 1.15725
-0.45123655 0.37676337 1.00625
-0.45123655 0.37844932 1.00625
-0.44955492 0.37871861 1.0025001
-0.44753698 0.37869072 0.99800003
-0.44753698 0.38036281 0.99800003
-0.44753698 0.38203496 0.99800003
-0.44820961 0.38428378 0.99950004
-0.45280606 0.38991645 1.00975
-0.45303032 0.39180222 1.0102501
-0.45325449 0.39368957 1.0107501
-0.51723379 0.35977724 1.15775
-0.51723379 0.36171702 1.15775
-0.51723379 0.36365676 1.15775
-0.44899151 0.3746115 1.005
-0.44899151 0.37629533 1.005
-0.44865647 0.37769714 1.00425
-0.44787467 0.37871861 1.0025001
-0.44586423 0.37869072 0.99800003
-0.44586423 0.38036281 0.99800003
-0.44586423 0.38203496 0.99800003
-0.44653437 0.38428378 0.99950004
-0.45144871 0.39020607 1.0105001
-0.45167208 0.39209306 1.011
-0.45189545 0.3939817 1.0115
-0.51529324 0.35977724 1.15775
-0.51529324 0.36171702 1.15775
-0.51529324 0.36365676 1.15775
-0.50883961 0.36101776 1.1432501
-0.50883961 0.36293322 1.1432501
-0.50438875 0.3673535 1.13325
-0.50438875 0.3692522 1.13325
-0.50427747 0.37296736 1.133
-0.50427747 0.37486565 1.133
-0.44686198 0.37423876 1.0040001
-0.44686198 0.37592092 1.0040001
-0.44686198 0.37760311 1.0040001
-0.44697323 0.37937972 1.00425
-0.45109028 0.39136454 1.0135001
-0.45109028 0.39306265 1.0135001
-0.45109028 0.39476073 1.0135001
-0.51346368 0.35985497 1.1580001
-0.50781024 0.35781163 1.1452501
-0.50781024 0.35973045 1.1452501
-0.50692344 0.36101776 1.1432501
-0.50692344 0.36293322 1.1432501
-0.49129334 0.35359922 1.108
-0.49129334 0.35545567 1.108
-0.49129334 0.35731208 1.108
-0.49129334 0.35916847 1.108
-0.50248933 0.3692522 1.13325
-0.50237846 0.37296736 1.133
-0.50237846 0.37486565 1.133
-0.50248933 0.37684709 1.13325
-0.50248933 0.37874582 1.13325
-0.50248933 0.38064453 1.13325
-0.50248933 0.38254324 1.13325
-0.47000989 0.38978466 1.0600001
-0.47000989 0.39156064 1.0600001
-0.44517919 0.37423876 1.0040001
-0.44517919 0.37592092 1.0040001
-0.44517919 0.37760311 1.0040001
-0.44939154 0.39136454 1.0135001
-0.44939154 0.39306265 1.0135001
-0.44939154 0.39476073 1.0135001
-0.50522804 0.35734299 1.1437501
-0.50522804 0.35925928 1.1437501
-0.50070035 0.35793889 1.1335001
-0.48634413 0.34952062 1.1010001
-0.48634413 0.3513653 1.1010001
-0.48623371 0.35312983 1.1007501
-0.48623371 0.35497409 1.1007501
-0.48910496 0.35892537 1.1072501
-0.48921537 0.36086199 1.1075001
-0.50047946 0.37106907 1.133
-0.50047946 0.37296736 1.133
-0.50047946 0.37486565 1.133
-0.50047946 0.37676394 1.133
-0.50058985 0.37874582 1.13325
-0.50058985 0.38064453 1.13325
-0.50058985 0.38254324 1.13325
-0.46889582 0.38500071 1.0615001
-0.46889582 0.38677925 1.0615001
-0.46856448 0.38828319 1.06075
-0.45840472 0.38160282 1.03775
-0.45840472 0.38334155 1.03775
-0.45420831 0.38155511 1.0282501
-0.44338596 0.3741456 1.0037501
-0.44338596 0.37582731 1.0037501
-0.44338596 0.37750909 1.0037501
-0.44769281 0.39136454 1.0135001
-0.44769281 0.39306265 1.0135001
-0.44769281 0.39476073 1.0135001
-0.50331104 0.35734299 1.1437501
-0.50331104 0.35925928 1.1437501
-0.49880052 0.35793889 1.1335001
-0.48449877 0.34952062 1.1010001
-0.48449877 0.3513653 1.1010001
-0.48438877 0.35312983 1.1007501
-0.48438877 0.35497409 1.1007501
-0.48482877 0.35714248 1.10175
-0.48680905 0.36045468 1.10625
-0.49858046 0.37106907 1.133
-0.49858046 0.37296736 1.133
-0.49858046 0.37486565 1.133
-0.49858046 0.37676394 1.133
-0.46711665 0.38500071 1.0615001
-0.46711665 0.38677925 1.0615001
-0.453255 0.3770273 1.0300001
-0.45259491 0.37820143 1.0285001
-0.45259491 0.37992465 1.0285001
-0.44181359 0.3725566 1.0040001
-0.44170359 0.3741456 1.0037501
-0.44170359 0.37582731 1.0037501
-0.44170359 0.37750909 1.0037501
-0.44192359 0.38442746 1.00425
-0.44192359 0.38611004 1.00425
-0.44632411 0.39165413 1.01425
-0.44632411 0.39335349 1.01425
-0.44632411 0.39505282 1.01425
-0.50139397 0.35734299 1.1437501
-0.50139397 0.35925928 1.1437501
-0.48254377 0.347597 1.1007501
-0.48254377 0.34944126 1.1007501
-0.48265335 0.3513653 1.1010001
-0.48265335 0.35321003 1.1010001
-0.48298213 0.35529655 1.10175
-0.48298213 0.35714248 1.10175
-0.48495483 0.36045468 1.10625
-0.49668142 0.37106907 1.133
-0.49668142 0.37296736 1.133
-0.45317248 0.37666795 1.0337501
-0.44067875 0.36796767 1.0052501
-0.44045952 0.36946803 1.00475
-0.44045952 0.37115145 1.00475
-0.44002119 0.37246385 1.0037501
-0.43454143 0.36948621 0.99125004
-0.43454143 0.37114701 0.99125004
-0.43454143 0.37280783 0.99125004
-0.44013077 0.38433176 1.0040001
-0.44013077 0.38601393 1.0040001
-0.44024035 0.38779262 1.00425
-0.44045952 0.38966912 1.00475
-0.44045952 0.39135253 1.00475
-0.48069882 0.347597 1.1007501
-0.48069882 0.34944126 1.1007501
-0.48113549 0.3534506 1.10175
-0.48113549 0.35529655 1.10175
-0.48113549 0.35714248 1.10175
-0.48310065 0.36045468 1.10625
-0.46596014 0.37805691 1.067
-0.46596014 0.37984464 1.067
-0.45143983 0.37666795 1.0337501
-0.43899387 0.36796767 1.0052501
-0.43877548 0.36946803 1.00475
-0.43877548 0.37115145 1.00475
-0.43833882 0.37246385 1.0037501
-0.43288004 0.36948621 0.99125004
-0.43288004 0.37114701 0.99125004
-0.43288004 0.37280783 0.99125004
-0.43844798 0.38433176 1.0040001
-0.43844798 0.38601393 1.0040001
-0.43855715 0.38779262 1.00425
-0.43877548 0.38966912 1.00475
-0.43877548 0.39135253 1.00475
-0.50560784 0.34559718 1.16225
-0.50506407 0.34717068 1.161
-0.50506407 0.34911591 1.161
-0.50506407 0.35106111 1.161
-0.50506407 0.35300633 1.161
-0.48015893 0.35594153 1.1037501
-0.48015893 0.35779083 1.1037501
-0.46438923 0.37644553 1.0675
-0.46417174 0.37805691 1.067
-0.46417174 0.37984464 1.067
-0.43752646 0.3664656 1.0057501
-0.43720016 0.36787611 1.005
-0.43709141 0.36946803 1.00475
-0.43121859 0.36616459 0.99125004
-0.43121859 0.36782542 0.99125004
-0.43121859 0.36948621 0.99125004
-0.43121859 0.37114701 0.99125004
-0.43121859 0.37280783 0.99125004
-0.43654767 0.38077772 1.0035001
-0.43654767 0.38245904 1.0035001
-0.43654767 0.3841404 1.0035001
-0.43665642 0.38591781 1.0037501
-0.43676516 0.38769609 1.0040001
-0.43709141 0.38966912 1.00475
-0.43709141 0.39135253 1.00475
-0.50365984 0.34559718 1.16225
-0.50311816 0.34717068 1.161
-0.50311816 0.34911591 1.161
-0.50311816 0.35106111 1.161
-0.50311816 0.35300633 1.161
-0.46259999 0.37644553 1.0675
-0.46259999 0.37823409 1.0675
-0.43584073 0.3664656 1.0057501
-0.4355157 0.36787611 1.005
-0.4355157 0.36955994 1.005
-0.42955717 0.36616459 0.99125004
-0.42955717 0.36782542 0.99125004
-0.42955717 0.36948621 0.99125004
-0.42955717 0.37114701 0.99125004
-0.42955717 0.37280783 0.99125004
-0.42988217 0.37475199 0.99200004
-0.42988217 0.37641403 0.99200004
-0.43215725 0.38007697 0.99725002
-0.43215725 0.38174784 0.99725002
-0.43454069 0.38553333 1.00275
-0.43464902 0.38730994 1.003
-0.43519071 0.38947523 1.00425
-0.43519071 0.39115781 1.00425
-0.52469838 0.34310243 1.2155001
-0.52469838 0.34513894 1.2155001
-0.52469838 0.34717551 1.2155001
-0.5143382 0.34231684 1.1915001
-0.5143382 0.34431311 1.1915001
-0.50171179 0.34559718 1.16225
-0.50117218 0.34717068 1.161
-0.50117218 0.34911591 1.161
-0.50117218 0.35106111 1.161
-0.50095636 0.35285434 1.1605
-0.50095636 0.3547987 1.1605
-0.48487651 0.35658404 1.12325
-0.48487651 0.358466 1.12325
-0.46081075 0.37644553 1.0675
-0.46081075 0.37823409 1.0675
-0.4342629 0.36655667 1.006
-0.42875907 0.3635751 0.99325007
-0.42875907 0.36523926 0.99325007
-0.42800364 0.36625695 0.99150002
-0.42800364 0.36791819 0.99150002
-0.42811155 0.3696726 0.99175006
-0.42821947 0.37475199 0.99200004
-0.42821947 0.37641403 0.99200004
-0.42843533 0.37826666 0.99250007
-0.42843533 0.37992957 0.99250007
-0.42843533 0.38159245 0.99250007
-0.42854324 0.38335189 0.99275005
-0.43350747 0.38947523 1.00425
-0.43296787 0.39067093 1.003
-0.52427357 0.34007534 1.2192501
-0.52190858 0.34057483 1.21375
-0.52190858 0.34260842 1.21375
-0.52266109 0.34513894 1.2155001
-0.52266109 0.34717551 1.2155001
-0.51234114 0.34231684 1.1915001
-0.51234114 0.34431311 1.1915001
-0.50556868 0.34370163 1.17575
-0.50546122 0.34559807 1.1755
-0.50546122 0.34756756 1.1755
-0.50503123 0.34923977 1.1745001
-0.4993338 0.34724548 1.1612501
-0.49922624 0.34911591 1.161
-0.49922624 0.35106111 1.161
-0.49901125 0.35285434 1.1605
-0.49901125 0.3547987 1.1605
-0.48299387 0.35658404 1.12325
-0.48299387 0.358466 1.12325
-0.45902154 0.37644553 1.0675
-0.45902154 0.37823409 1.0675
-0.45902154 0.38002262 1.0675
-0.43279174 0.36673886 1.0065
-0.42709431 0.3635751 0.99325007
-0.42709431 0.36523926 0.99325007
-0.42709431 0.36690339 0.99325007
-0.4264493 0.36801097 0.99175006
-0.4264493 0.3696726 0.99175006
-0.42677182 0.37660375 0.99250007
-0.42677182 0.37826666 0.99250007
-0.42677182 0.37992957 0.99250007
-0.42677182 0.38159245 0.99250007
-0.42687932 0.38335189 0.99275005
-0.43128675 0.39067093 1.003
-0.52222997 0.34007534 1.2192501
-0.51987422 0.34057483 1.21375
-0.51912463 0.34211445 1.212
-0.51912463 0.34414509 1.212
-0.51912463 0.34617579 1.212
-0.51077241 0.34260413 1.1925001
-0.51077241 0.34460211 1.1925001
-0.50381219 0.34187707 1.1762501
-0.50349092 0.34362856 1.1755
-0.50338387 0.34552458 1.1752501
-0.50338387 0.34749365 1.1752501
-0.50306267 0.34923977 1.1745001
-0.50306267 0.35120758 1.1745001
-0.49738741 0.3491911 1.1612501
-0.49738741 0.35113671 1.1612501
-0.49738741 0.35308239 1.1612501
-0.45744649 0.37304306 1.0680001
-0.45744649 0.37483245 1.0680001
-0.45733941 0.37653372 1.0677501
-0.4572323 0.37823409 1.0675
-0.4572323 0.38002262 1.0675
-0.43110472 0.36673886 1.0065
-0.42542952 0.3635751 0.99325007
-0.42542952 0.36523926 0.99325007
-0.42489409 0.36644164 0.99200004
-0.42478701 0.36801097 0.99175006
-0.42478701 0.3696726 0.99175006
-0.42500117 0.37318394 0.99225003
-0.42500117 0.3748464 0.99225003
-0.42510828 0.37660375 0.99250007
-0.42510828 0.37826666 0.99250007
-0.42510828 0.37992957 0.99250007
-0.42510828 0.38159245 0.99250007
-0.42521533 0.38335189 0.99275005
-0.42607197 0.38579085 0.99475002
-0.42607197 0.38745752 0.99475002
-0.52018642 0.34007534 1.2192501
-0.52018642 0.34211814 1.2192501
-0.51709324 0.34211445 1.212
-0.51709324 0.34414509 1.212
-0.51709324 0.34617579 1.212
-0.50877368 0.34260413 1.1925001
-0.50877368 0.34460211 1.1925001
-0.50184071 0.34187707 1.1762501
-0.50152069 0.34362856 1.1755
-0.50141406 0.34552458 1.1752501
-0.50141406 0.34749365 1.1752501
-0.50141406 0.34946278 1.1752501
-0.45544308 0.37286839 1.0675
-0.45544308 0.37465695 1.0675
-0.45544308 0.37644553 1.0675
-0.45544308 0.37823409 1.0675
-0.42984441 0.36879125 1.0075001
-0.42984441 0.37047929 1.0075001
-0.42323142 0.36644164 0.99200004
-0.42323142 0.36810374 0.99200004
-0.42333809 0.36985895 0.99225003
-0.42333809 0.37318394 0.99225003
-0.42333809 0.3748464 0.99225003
-0.42344475 0.37660375 0.99250007
-0.42344475 0.37826666 0.99250007
-0.42344475 0.37992957 0.99250007
-0.42344475 0.38159245 0.99250007
-0.42344475 0.38325536 0.99250007
-0.42440468 0.38579085 0.99475002
-0.42440468 0.38745752 0.99475002
-0.5150618 0.34211445 1.212
-0.5150618 0.34414509 1.212
-0.51463681 0.34589019 1.2110001
-0.5067749 0.34260413 1.1925001
-0.5067749 0.34460211 1.1925001
-0.4998692 0.34187707 1.1762501
-0.49955043 0.34362856 1.1755
-0.49944419 0.34552458 1.1752501
-0.49944419 0.34749365 1.1752501
-0.49901921 0.34916541 1.17425
-0.49901921 0.35113281 1.17425
-0.45365381 0.37286839 1.0675
-0.45365381 0.37465695 1.0675
-0.45365381 0.37644553 1.0675
-0.45365381 0.37823409 1.0675
-0.42220619 0.37365407 0.99350005
-0.42178121 0.37494087 0.99250007
-0.42178121 0.37660375 0.99250007
-0.42178121 0.37826666 0.99250007
-0.42178121 0.37992957 0.99250007
-0.42178121 0.38159245 0.99250007
-0.42178121 0.38325536 0.99250007
-0.42528722 0.38811785 1.0007501
-0.42528722 0.38979456 1.0007501
-0.5126071 0.34589019 1.2110001
-0.5126071 0.34791917 1.2110001
-0.50615185 0.34554124 1.19575
-0.50615185 0.3475447 1.19575
-0.497686 0.34370163 1.17575
-0.497686 0.34567156 1.17575
-0.49705106 0.34916541 1.17425
-0.49705106 0.35113281 1.17425
-0.55483049 0.40073448 1.31075
-0.55483049 0.40293059 1.31075
-0.55483049 0.40512675 1.31075
-0.45175877 0.37099296 1.06725
-0.4457269 0.36780369 1.0530001
-0.4457269 0.36956796 1.0530001
-0.4457269 0.37133226 1.0530001
-0.4457269 0.3730965 1.0530001
-0.42445645 0.37881303 1.00275
-0.42392731 0.38001877 1.0015
-0.42392731 0.38169676 1.0015
-0.42371568 0.38318336 1.001
-0.42371568 0.38486049 1.001
-0.42360985 0.38644111 1.0007501
-0.42360985 0.38811785 1.0007501
-0.42360985 0.38979456 1.0007501
-0.50414765 0.34554124 1.19575
-0.50414765 0.3475447 1.19575
-0.49571535 0.34370163 1.17575
-0.49518839 0.34530407 1.1745001
-0.49518839 0.34727192 1.1745001
-0.49518839 0.34923977 1.1745001
-0.49487212 0.35098329 1.17375
-0.49487212 0.35294986 1.17375
-0.55263352 0.40073448 1.31075
-0.55263352 0.40293059 1.31075
-0.55263352 0.40512675 1.31075
-0.44396198 0.36603945 1.0530001
-0.44396198 0.36780369 1.0530001
-0.44396198 0.36956796 1.0530001
-0.44396198 0.37133226 1.0530001
-0.44396198 0.3730965 1.0530001
-0.42277575 0.37881303 1.00275
-0.42224872 0.38001877 1.0015
-0.42224872 0.38169676 1.0015
-0.42203793 0.38318336 1.001
-0.42203793 0.38486049 1.001
-0.42193252 0.38644111 1.0007501
-0.42193252 0.38811785 1.0007501
-0.42193252 0.38979456 1.0007501
-0.50466311 0.34727511 1.20175
-0.50466311 0.34928861 1.20175
-0.49584436 0.34516326 1.18075
-0.49321979 0.34530407 1.1745001
-0.49321979 0.34727192 1.1745001
-0.49321979 0.34923977 1.1745001
-0.49290478 0.35098329 1.17375
-0.49290478 0.35294986 1.17375
-0.44219705 0.36603945 1.0530001
-0.44219705 0.36780369 1.0530001
-0.44219705 0.36956796 1.0530001
-0.44219705 0.37133226 1.0530001
-0.44219705 0.3730965 1.0530001
-0.48587081 0.41769958 1.1570001
-0.48587081 0.41963807 1.1570001
-0.48587081 0.42157662 1.1570001
-0.42791906 0.38495189 1.0190001
-0.42067507 0.38011363 1.00175
-0.42067507 0.38179204 1.00175
-0.42057008 0.38337475 1.0015
-0.42046511 0.3849566 1.00125
-0.42046511 0.38663417 1.00125
-0.42487451 0.39238396 1.0117501
-0.50264889 0.34727511 1.20175
-0.50264889 0.34928861 1.20175
-0.49386534 0.34516326 1.18075
-0.49125123 0.34530407 1.1745001
-0.49125123 0.34727192 1.1745001
-0.49104205 0.34909105 1.174
-0.4909375 0.35098329 1.17375
-0.4909375 0.35294986 1.17375
-0.49836171 0.36028364 1.1915001
-0.44043213 0.36603945 1.0530001
-0.44043213 0.36780369 1.0530001
-0.44043213 0.36956796 1.0530001
-0.44043213 0.37133226 1.0530001
-0.44043213 0.3730965 1.0530001
-0.48393157 0.41769958 1.1570001
-0.48393157 0.41963807 1.1570001
-0.48393157 0.42157662 1.1570001
-0.42683852 0.38038909 1.0205001
-0.42683852 0.38209891 1.0205001
-0.42694309 0.38390276 1.02075
-0.42683852 0.38551855 1.0205001
-0.42642024 0.38684887 1.0195
-0.42621112 0.38836646 1.0190001
-0.42621112 0.39007378 1.0190001
-0.42600203 0.39158884 1.0185001
-0.42600203 0.39329529 1.0185001
-0.42610657 0.39509875 1.0187501
-0.42610657 0.39680561 1.0187501
-0.49521896 0.34750187 1.18875
-0.49157384 0.34692109 1.1800001
-0.49157384 0.34889811 1.1800001
-0.48907429 0.34909105 1.174
-0.48907429 0.35105804 1.174
-0.49407339 0.35663348 1.1860001
-0.49553144 0.35967889 1.1895001
-0.47126517 0.36670518 1.13125
-0.47126517 0.36860055 1.13125
-0.4586634 0.37903562 1.1010001
-0.4586634 0.38088033 1.1010001
-0.43866718 0.36603945 1.0530001
-0.43866718 0.36780369 1.0530001
-0.43866718 0.36956796 1.0530001
-0.43866718 0.37133226 1.0530001
-0.43866718 0.3730965 1.0530001
-0.48188818 0.41760933 1.1567501
-0.48188818 0.41954741 1.1567501
-0.48188818 0.42148554 1.1567501
-0.42512807 0.38038909 1.0205001
-0.42512807 0.38209891 1.0205001
-0.4252322 0.38390276 1.02075
-0.42512807 0.38551855 1.0205001
-0.42491978 0.38703865 1.0200001
-0.42471147 0.38855702 1.0195
-0.42471147 0.39026517 1.0195
-0.42450318 0.39178106 1.0190001
-0.42439902 0.39339182 1.0187501
-0.42439902 0.39509875 1.0187501
-0.42439902 0.39680561 1.0187501
-0.49333024 0.34956706 1.189
-0.49333024 0.35155919 1.189
-0.49333024 0.35355133 1.189
-0.49333024 0.35554346 1.189
-0.49343401 0.35761079 1.1892501
-0.49343401 0.35960332 1.1892501
-0.492293 0.36274767 1.1865001
-0.492293 0.3647356 1.1865001
-0.4695766 0.36117867 1.1317501
-0.4695766 0.3630749 1.1317501
-0.4695766 0.36497107 1.1317501
-0.46936908 0.36670518 1.13125
-0.46936908 0.36860055 1.13125
-0.45681801 0.37903562 1.1010001
-0.45681801 0.38088033 1.1010001
-0.44582286 0.37351319 1.0745001
-0.43690225 0.36780369 1.0530001
-0.43690225 0.36956796 1.0530001
-0.43690225 0.37133226 1.0530001
-0.43690225 0.3730965 1.0530001
-0.47994938 0.41760933 1.1567501
-0.47994938 0.41954741 1.1567501
-0.47994938 0.42148554 1.1567501
-0.42777416 0.37912071 1.031
-0.42777416 0.38084811 1.031
-0.42372876 0.37895757 1.02125
-0.42341763 0.38038909 1.0205001
-0.42341763 0.38209891 1.0205001
-0.42352134 0.38390276 1.02075
-0.42341763 0.38551855 1.0205001
-0.42321017 0.38703865 1.0200001
-0.42300269 0.38855702 1.0195
-0.42300269 0.39026517 1.0195
-0.42279524 0.39178106 1.0190001
-0.42269152 0.39339182 1.0187501
-0.42269152 0.39509875 1.0187501
-0.42269152 0.39680561 1.0187501
-0.49133736 0.34956706 1.189
-0.49133736 0.35155919 1.189
-0.49144071 0.35362571 1.1892501
-0.49144071 0.35561824 1.1892501
-0.49144071 0.35761079 1.1892501
-0.49144071 0.35960332 1.1892501
-0.49030429 0.36274767 1.1865001
-0.49030429 0.3647356 1.1865001
-0.46767965 0.36117867 1.1317501
-0.46767965 0.3630749 1.1317501
-0.46767965 0.36497107 1.1317501
-0.4675763 0.36678621 1.1315
-0.4675763 0.368682 1.1315
-0.43513733 0.37133226 1.0530001
-0.43513733 0.3730965 1.0530001
-0.4260461 0.37912071 1.031
-0.4260461 0.38084811 1.031
-0.42201704 0.37895757 1.02125
-0.42201704 0.38066864 1.02125
-0.42212036 0.38247329 1.0215
-0.42212036 0.38418481 1.0215
-0.42201704 0.38580185 1.02125
-0.42191374 0.38741806 1.021
-0.42150053 0.3887476 1.0200001
-0.42150053 0.39045659 1.0200001
-0.42119059 0.39187717 1.01925
-0.42108729 0.39348835 1.0190001
-0.42108729 0.39519569 1.0190001
-0.42119059 0.39700034 1.01925
-0.48934448 0.34956706 1.189
-0.48934448 0.35155919 1.189
-0.48944741 0.35362571 1.1892501
-0.48934448 0.35554346 1.189
-0.48934448 0.35753557 1.189
-0.48944741 0.35960332 1.1892501
-0.48502314 0.36030182 1.1785001
-0.48502314 0.36227635 1.1785001
-0.47720349 0.36032107 1.1595
-0.47720349 0.36226377 1.1595
-0.46578273 0.36117867 1.1317501
-0.46578273 0.3630749 1.1317501
-0.46578273 0.36497107 1.1317501
-0.46578273 0.36686727 1.1317501
-0.43615043 0.38969272 1.0597501
-0.4293597 0.38537323 1.0432501
-0.42411229 0.38239002 1.0305001
-0.4209227 0.38122776 1.02275
-0.4209227 0.38294134 1.02275
-0.4209227 0.38465494 1.02275
-0.4209227 0.38636851 1.02275
-0.42081982 0.38798723 1.0225
-0.42030534 0.38922396 1.02125
-0.42030534 0.39093506 1.02125
-0.41968802 0.3920694 1.01975
-0.41958511 0.39368144 1.0195
-0.41958511 0.39538959 1.0195
-0.41968802 0.39719507 1.01975
-0.4873516 0.35554346 1.189
-0.48407257 0.35512999 1.1810001
-0.48407257 0.35710871 1.1810001
-0.48407257 0.35908744 1.1810001
-0.48304784 0.36030182 1.1785001
-0.48304784 0.36227635 1.1785001
-0.47526002 0.36032107 1.1595
-0.47372296 0.36109215 1.15575
-0.47372296 0.36302856 1.15575
-0.46521792 0.36031419 1.1350001
-0.46388578 0.36117867 1.1317501
-0.46388578 0.3630749 1.1317501
-0.46388578 0.36497107 1.1317501
-0.46388578 0.36686727 1.1317501
-0.43181238 0.37503874 1.0535001
-0.43181238 0.37680387 1.0535001
-0.43181238 0.37856895 1.0535001
-0.44738796 0.39588156 1.0915
-0.4415471 0.39251804 1.07725
-0.4415471 0.39432293 1.07725
-0.43437415 0.38969272 1.0597501
-0.42761108 0.38537323 1.0432501
-0.42761108 0.3871212 1.0432501
-0.42207763 0.38383698 1.02975
-0.42115539 0.38471985 1.0275
-0.42115539 0.38644141 1.0275
-0.42033565 0.38740742 1.0255001
-0.42002821 0.38884097 1.02475
-0.41992575 0.39046264 1.0245
-0.41992575 0.39217916 1.0245
-0.41910598 0.39312673 1.0225
-0.41808131 0.39387453 1.0200001
-0.41808131 0.39558354 1.0200001
-0.41808131 0.39729249 1.0200001
-0.4829095 0.35374931 1.1830001
-0.48209313 0.35512999 1.1810001
-0.48209313 0.35710871 1.1810001
-0.48209313 0.35908744 1.1810001
-0.47178584 0.36109215 1.15575
-0.47178584 0.36302856 1.15575
-0.46494839 0.35967565 1.1390001
-0.46331558 0.36031419 1.1350001
-0.46219298 0.3613382 1.1322501
-0.46219298 0.36323527 1.1322501
-0.46219298 0.3651323 1.1322501
-0.46433607 0.36873117 1.1375
-0.43004662 0.37503874 1.0535001
-0.43004662 0.37680387 1.0535001
-0.43004662 0.37856895 1.0535001
-0.43188357 0.38195866 1.0580001
-0.44555852 0.39588156 1.0915
-0.43974155 0.39251804 1.07725
-0.43974155 0.39432293 1.07725
-0.43259794 0.38969272 1.0597501
-0.42586252 0.38537323 1.0432501
-0.42586252 0.3871212 1.0432501
-0.42035168 0.38383698 1.02975
-0.41943324 0.38471985 1.0275
-0.41943324 0.38644141 1.0275
-0.41861683 0.38740742 1.0255001
-0.41831064 0.38884097 1.02475
-0.4182086 0.39046264 1.0245
-0.4182086 0.39217916 1.0245
-0.41739219 0.39312673 1.0225
-0.4163717 0.39387453 1.0200001
-0.4163717 0.39558354 1.0200001
-0.4163717 0.39729249 1.0200001
-0.535097 0.32964009 1.3162501
-0.535097 0.33184543 1.3162501
-0.535097 0.33405074 1.3162501
-0.535097 0.33625612 1.3162501
-0.48092666 0.35374931 1.1830001
-0.48092666 0.35573137 1.1830001
-0.46303928 0.35967565 1.1390001
-0.46283603 0.36142528 1.1385001
-0.46283603 0.36333281 1.1385001
-0.46283603 0.36524034 1.1385001
-0.46283603 0.36714783 1.1385001
-0.42828086 0.37503874 1.0535001
-0.42828086 0.37680387 1.0535001
-0.42828086 0.37856895 1.0535001
-0.43011025 0.38195866 1.0580001
-0.43244779 0.38581675 1.06375
-0.43793595 0.39251804 1.07725
-0.43244779 0.38938132 1.06375
-0.43234617 0.39107168 1.0635
-0.42391062 0.38518852 1.04275
-0.42391062 0.38693562 1.04275
-0.42228451 0.38719174 1.0387501
-0.41832083 0.3852815 1.029
-0.41832083 0.38700557 1.029
-0.41750777 0.38797408 1.0270001
-0.41730452 0.38950506 1.0265001
-0.4171012 0.39103433 1.026
-0.4171012 0.39275336 1.026
-0.41689798 0.39428017 1.0255001
-0.41598329 0.39512953 1.0232501
-0.41486531 0.39577743 1.0205001
-0.41486531 0.39748722 1.0205001
-0.52691925 0.32376552 1.3015001
-0.52691925 0.32594612 1.3015001
-0.52691925 0.32812673 1.3015001
-0.52702045 0.33037078 1.3017501
-0.52702045 0.33255187 1.3017501
-0.52702045 0.33473289 1.3017501
-0.47894385 0.35374931 1.1830001
-0.47894385 0.35573137 1.1830001
-0.4265151 0.37503874 1.0535001
-0.4265151 0.37680387 1.0535001
-0.4265151 0.37856895 1.0535001
-0.43036124 0.38376376 1.0630001
-0.43066484 0.38581675 1.06375
-0.43066484 0.38759905 1.06375
-0.43066484 0.38938132 1.06375
-0.43066484 0.39116359 1.06375
-0.42216289 0.38518852 1.04275
-0.42216289 0.38693562 1.04275
-0.42216289 0.38868272 1.04275
-0.41821554 0.38677916 1.033
-0.41821554 0.38850996 1.033
-0.41609004 0.38825738 1.02775
-0.41588765 0.38978964 1.0272501
-0.41568524 0.3913202 1.0267501
-0.41568524 0.39304051 1.0267501
-0.41548276 0.3945685 1.02625
-0.41528034 0.39609489 1.02575
-0.41487548 0.39742565 1.02475
-0.41487548 0.39914259 1.02475
-0.52473778 0.32376552 1.3015001
-0.52473778 0.32594612 1.3015001
-0.52473778 0.32812673 1.3015001
-0.51939565 0.32694462 1.2882501
-0.51939565 0.32910308 1.2882501
-0.52483857 0.33473289 1.3017501
-0.46375692 0.34395617 1.1502501
-0.46375692 0.34588337 1.1502501
-0.46375692 0.34781057 1.1502501
-0.46375692 0.34973779 1.1502501
-0.53229737 0.41691113 1.32025
-0.53229737 0.41912314 1.32025
-0.42878109 0.38216239 1.0635
-0.42878109 0.38394424 1.0635
-0.42888188 0.38581675 1.06375
-0.42888188 0.38759905 1.06375
-0.42888188 0.38938132 1.06375
-0.42898268 0.39125553 1.064
-0.42898268 0.39303821 1.064
-0.4173913 0.38762164 1.0352501
-0.4173913 0.3893562 1.0352501
-0.41446823 0.38835183 1.028
-0.41436744 0.38997933 1.02775
-0.41416585 0.39151075 1.0272501
-0.41416585 0.3932319 1.0272501
-0.41396427 0.39476079 1.0267501
-0.41386348 0.39638451 1.0265001
-0.41386348 0.3981044 1.0265001
-0.41850007 0.40430355 1.0380001
-0.51723641 0.32694462 1.2882501
-0.51723641 0.32910308 1.2882501
-0.46182898 0.34395617 1.1502501
-0.46182898 0.34588337 1.1502501
-0.4580147 0.34493795 1.1407501
-0.4580147 0.34684926 1.1407501
-0.53008449 0.41691113 1.32025
-0.53008449 0.41912314 1.32025
-0.42699859 0.38216239 1.0635
-0.42699859 0.38394424 1.0635
-0.42709896 0.38581675 1.06375
-0.42709896 0.38759905 1.06375
-0.42709896 0.38938132 1.06375
-0.42368618 0.38803798 1.05525
-0.41836628 0.38491148 1.0420001
-0.41836628 0.38665736 1.0420001
-0.41575649 0.38598031 1.0355
-0.41294599 0.38509429 1.0285001
-0.41294599 0.38681754 1.0285001
-0.41274521 0.38835183 1.028
-0.41264483 0.38997933 1.02775
-0.41244408 0.39151075 1.0272501
-0.41244408 0.3932319 1.0272501
-0.41224337 0.39476079 1.0267501
-0.41214299 0.39638451 1.0265001
-0.41214299 0.3981044 1.0265001
-0.41676027 0.40430355 1.0380001
-0.52527273 -0.41056979 1.31375
-0.52527273 -0.40836862 1.31375
-0.51507717 0.32694462 1.2882501
-0.51507717 0.32910308 1.2882501
-0.51497722 0.3311972 1.2880001
-0.51497722 0.33335519 1.2880001
-0.51497722 0.33551323 1.2880001
-0.45610267 0.34493795 1.1407501
-0.45610267 0.34684926 1.1407501
-0.42541593 0.38234207 1.064
-0.42541593 0.38412476 1.064
-0.42541593 0.38590744 1.064
-0.42541593 0.38769016 1.064
-0.42541593 0.38947284 1.064
-0.41931859 0.38564777 1.04875
-0.41352108 0.38204867 1.03425
-0.41352108 0.38378152 1.03425
-0.41132206 0.38346428 1.0287501
-0.4112221 0.38509429 1.0285001
-0.4112221 0.38681754 1.0285001
-0.41102216 0.38835183 1.028
-0.4109222 0.38997933 1.02775
-0.41082227 0.391606 1.0275
-0.41082227 0.39332756 1.0275
-0.41072232 0.39495298 1.0272501
-0.41072232 0.3966741 1.0272501
-0.41512042 0.40266135 1.0382501
-0.41512042 0.40440091 1.0382501
-0.52307081 -0.41277093 1.31375
-0.52307081 -0.41056979 1.31375
-0.52307081 -0.40836862 1.31375
-0.51291794 0.32694462 1.2882501
-0.51291794 0.32910308 1.2882501
-0.51281846 0.3311972 1.2880001
-0.51281846 0.33335519 1.2880001
-0.51281846 0.33551323 1.2880001
-0.45419067 0.34111542 1.1407501
-0.45419067 0.34302667 1.1407501
-0.45419067 0.34493795 1.1407501
-0.45419067 0.34684926 1.1407501
-0.4237321 0.384215 1.06425
-0.42363259 0.38590744 1.064
-0.42363259 0.38769016 1.064
-0.42363259 0.38947284 1.064
-0.41696358 0.38509619 1.04725
-0.4117876 0.38204867 1.03425
-0.40979683 0.38192618 1.02925
-0.40959778 0.38346428 1.0287501
-0.40949824 0.38509429 1.0285001
-0.40949824 0.38681754 1.0285001
-0.40929914 0.38835183 1.028
-0.40919963 0.38997933 1.02775
-0.40910009 0.391606 1.0275
-0.40910009 0.39332756 1.0275
-0.40910009 0.3950491 1.0275
-0.40910009 0.39677063 1.0275
-0.41338024 0.40266135 1.0382501
-0.41338024 0.40440091 1.0382501
-0.52086878 -0.41277093 1.31375
-0.52086878 -0.41056979 1.31375
-0.45227864 0.34111542 1.1407501
-0.45227864 0.34302667 1.1407501
-0.45227864 0.34493795 1.1407501
-0.45227864 0.34684926 1.1407501
-0.42244393 0.37931064 1.0655
-0.42244393 0.38109589 1.0655
-0.42204747 0.38252175 1.0645001
-0.42194831 0.384215 1.06425
-0.42184919 0.38590744 1.064
-0.42184919 0.38769016 1.064
-0.42184919 0.38947284 1.064
-0.41520825 0.38509619 1.04725
-0.41520825 0.3868508 1.04725
-0.4080717 0.38192618 1.02925
-0.40787348 0.38346428 1.0287501
-0.40777436 0.38509429 1.0285001
-0.40777436 0.38681754 1.0285001
-0.40767527 0.3884463 1.0282501
-0.40757611 0.39007419 1.028
-0.40747699 0.39170128 1.02775
-0.40747699 0.39342326 1.02775
-0.40747699 0.39514521 1.02775
-0.41173911 0.40101832 1.0385001
-0.41173911 0.4027583 1.0385001
-0.41164002 0.40440091 1.0382501
-0.49359715 0.33824813 1.2502501
-0.49359715 0.34034291 1.2502501
-0.49359715 0.34243765 1.2502501
-0.42223728 0.37535891 1.0695001
-0.42223728 0.37715083 1.0695001
-0.42223728 0.37894273 1.0695001
-0.42055935 0.37922165 1.06525
-0.42055935 0.38100648 1.06525
-0.42016456 0.38243189 1.06425
-0.42006585 0.38412476 1.064
-0.41996714 0.38581675 1.06375
-0.41996714 0.38759905 1.06375
-0.41690746 0.38654447 1.056
-0.4131569 0.38482043 1.0465001
-0.4131569 0.38657379 1.0465001
-0.40634659 0.38192618 1.02925
-0.40614921 0.38346428 1.0287501
-0.40605053 0.38509429 1.0285001
-0.40605053 0.38681754 1.0285001
-0.40595183 0.3884463 1.0282501
-0.40585309 0.39007419 1.028
-0.40575439 0.39170128 1.02775
-0.40575439 0.39342326 1.02775
-0.40575439 0.39514521 1.02775
-0.40999851 0.40101832 1.0385001
-0.40999851 0.4027583 1.0385001
-0.4098998 0.40440091 1.0382501
-0.4915016 0.33824813 1.2502501
-0.4915016 0.34034291 1.2502501
-0.4915016 0.34243765 1.2502501
-0.42044467 0.37535891 1.0695001
-0.42044467 0.37715083 1.0695001
-0.41985497 0.37841126 1.0680001
-0.41494092 0.37575072 1.0555
-0.41494092 0.37751919 1.0555
-0.41484267 0.37919781 1.05525
-0.41454783 0.3806951 1.0545001
-0.41444951 0.38237116 1.05425
-0.41444951 0.38413754 1.05425
-0.41385981 0.38535482 1.05275
-0.41110799 0.38454461 1.04575
-0.41091144 0.38611203 1.0452501
-0.40462145 0.38192618 1.02925
-0.40452319 0.38355744 1.029
-0.40442491 0.38518789 1.0287501
-0.40442491 0.38691154 1.0287501
-0.40422836 0.3884463 1.0282501
-0.40413004 0.39007419 1.028
-0.40413004 0.39179656 1.028
-0.40845442 0.39772978 1.039
-0.40845442 0.3994706 1.039
-0.40835613 0.40111485 1.0387501
-0.40835613 0.40285528 1.0387501
-0.41454783 0.41073033 1.0545001
-0.48940608 0.33615339 1.2502501
-0.48940608 0.33824813 1.2502501
-0.48940608 0.34034291 1.2502501
-0.48940608 0.34243765 1.2502501
-0.45965609 0.34916541 1.17425
-0.45965609 0.35113281 1.17425
-0.41806492 0.37841126 1.0680001
-0.4127804 0.37539476 1.0545001
-0.4127804 0.37716156 1.0545001
-0.41258466 0.37874863 1.054
-0.41258466 0.38051456 1.054
-0.4126825 0.38237116 1.05425
-0.4126825 0.38413754 1.05425
-0.41111675 0.38443971 1.0502501
-0.40935522 0.38454461 1.04575
-0.40915951 0.38611203 1.0452501
-0.40915951 0.38786334 1.0452501
-0.4027985 0.38355744 1.029
-0.40270063 0.38518789 1.0287501
-0.40270063 0.38691154 1.0287501
-0.40270063 0.38863519 1.0287501
-0.40827876 0.39576599 1.0430001
-0.40827876 0.39751348 1.0430001
-0.4115082 0.40241912 1.0512501
-0.41199747 0.404661 1.0525
-0.41199747 0.40642443 1.0525
-0.41238895 0.40857571 1.0535001
-0.4127804 0.41073033 1.0545001
-0.4873105 0.33615339 1.2502501
-0.4873105 0.33824813 1.2502501
-0.4873105 0.34034291 1.2502501
-0.4873105 0.34243765 1.2502501
-0.45768791 0.34916541 1.17425
-0.45768791 0.35113281 1.17425
-0.41315666 0.3755767 1.0600001
-0.41101295 0.37539476 1.0545001
-0.41101295 0.37716156 1.0545001
-0.41081804 0.37874863 1.054
-0.41081804 0.38051456 1.054
-0.40935642 0.38443971 1.0502501
-0.40769985 0.38463652 1.046
-0.40740755 0.38611203 1.0452501
-0.40740755 0.38786334 1.0452501
-0.40721267 0.38942826 1.0447501
-0.40711519 0.39108503 1.0445
-0.40711519 0.39283508 1.0445
-0.40711519 0.3945851 1.0445
-0.40711519 0.39633512 1.0445
-0.40847942 0.3994191 1.0480001
-0.40994108 0.40261051 1.0517501
-0.41042829 0.40485328 1.0530001
-0.41042829 0.40661752 1.0530001
-0.41072059 0.40867266 1.05375
-0.41111037 0.4108277 1.0547501
-0.41138002 0.3755767 1.0600001
-0.40895441 0.37512773 1.05375
-0.40895441 0.37689328 1.05375
-0.40885741 0.37856895 1.0535001
-0.4085663 0.38006327 1.05275
-0.40827525 0.38155511 1.052
-0.40827525 0.38331771 1.052
-0.40759611 0.38443971 1.0502501
-0.40594667 0.38463652 1.046
-0.40565562 0.38611203 1.0452501
-0.40565562 0.38786334 1.0452501
-0.40546158 0.38942826 1.0447501
-0.40536454 0.39108503 1.0445
-0.40536454 0.39283508 1.0445
-0.40536454 0.3945851 1.0445
-0.40536454 0.39633512 1.0445
-0.40584967 0.39856154 1.04575
-0.40817824 0.40261051 1.0517501
-0.40866336 0.40485328 1.0530001
-0.40866336 0.40661752 1.0530001
-0.40895441 0.40867266 1.05375
-0.40934253 0.4108277 1.0547501
-0.40670517 0.37468272 1.0525
-0.40670517 0.37644619 1.0525
-0.40660858 0.37811977 1.05225
-0.4064154 0.37970227 1.0517501
-0.40631878 0.38137376 1.0515001
-0.40631878 0.38313556 1.0515001
-0.40593237 0.38453123 1.0505
-0.4043867 0.38482043 1.0465001
-0.40390366 0.38611203 1.0452501
-0.40390366 0.38786334 1.0452501
-0.40371048 0.38942826 1.0447501
-0.40371048 0.39117867 1.0447501
-0.40371048 0.39292914 1.0447501
-0.40371048 0.39467958 1.0447501
-0.40371048 0.39643002 1.0447501
-0.40380707 0.39827573 1.0450001
-0.40660858 0.4028019 1.05225
-0.40709162 0.40504548 1.0535001
-0.40709162 0.40681058 1.0535001
-0.40728483 0.40876961 1.054
-0.40767124 0.41092506 1.0550001
-0.4658266 0.35393307 1.2107501
-0.4658266 0.35596162 1.2107501
-0.40455639 0.37432677 1.0515001
-0.40455639 0.37608853 1.0515001
-0.40455639 0.37785029 1.0515001
-0.40446022 0.37952179 1.0512501
-0.40446022 0.3812831 1.0512501
-0.40446022 0.38304445 1.0512501
-0.40436399 0.38471425 1.051
-0.40340215 0.38555586 1.0485001
-0.40224794 0.38620436 1.0455
-0.40224794 0.38795608 1.0455
-0.40195939 0.38942826 1.0447501
-0.40195939 0.39117867 1.0447501
-0.40195939 0.39292914 1.0447501
-0.40195939 0.39467958 1.0447501
-0.40195939 0.39643002 1.0447501
-0.40195939 0.39818045 1.0447501
-0.40522969 0.40318471 1.0532501
-0.40571064 0.40542999 1.0545001
-0.40571064 0.40719676 1.0545001
-0.40590298 0.40915745 1.0550001
-0.40609536 0.41111979 1.0555
-0.46379724 0.35393307 1.2107501
-0.46379724 0.35596162 1.2107501
-0.40279397 0.37432677 1.0515001
-0.40279397 0.37608853 1.0515001
-0.40279397 0.37785029 1.0515001
-0.40269819 0.37952179 1.0512501
-0.40269819 0.3812831 1.0512501
-0.40269819 0.38304445 1.0512501
-0.40269819 0.38480577 1.0512501
-0.40279397 0.38665903 1.0515001
-0.40068707 0.38638905 1.046
-0.40068707 0.38814163 1.046
-0.40030402 0.38952142 1.0450001
-0.40020826 0.39117867 1.0447501
-0.40020826 0.39292914 1.0447501
-0.40020826 0.39467958 1.0447501
-0.40020826 0.39643002 1.0447501
-0.40020826 0.39818045 1.0447501
-0.40423045 0.4039503 1.05525
-0.40442196 0.40591055 1.05575
-0.40442196 0.40767941 1.05575
-0.40451771 0.40954524 1.056
-0.40451771 0.41131455 1.056
-0.4523285 0.34669799 1.1860001
-0.4523285 0.34868509 1.1860001
-0.40103155 0.37432677 1.0515001
-0.40103155 0.37608853 1.0515001
-0.40065014 0.37749091 1.0505
-0.40065014 0.379251 1.0505
-0.40084082 0.38119239 1.051
-0.40093622 0.38304445 1.0512501
-0.40093622 0.38480577 1.0512501
-0.40103155 0.38665903 1.0515001
-0.39893389 0.38638905 1.046
-0.39893389 0.38814163 1.046
-0.39855254 0.38952142 1.0450001
-0.39845717 0.39117867 1.0447501
-0.39845717 0.39292914 1.0447501
-0.39845717 0.39467958 1.0447501
-0.39845717 0.39643002 1.0447501
-0.39845717 0.39818045 1.0447501
-0.40246177 0.4039503 1.05525
-0.40265244 0.40591055 1.05575
-0.40265244 0.40767941 1.05575
-0.40274778 0.40954524 1.056
-0.40274778 0.41131455 1.056
-0.45034066 0.34669799 1.1860001
-0.45034066 0.34868509 1.1860001
-0.41398302 0.37168142 1.09025
-0.41398302 0.37350807 1.09025
-0.39860463 0.37722144 1.0497501
-0.39860463 0.37898025 1.0497501
-0.39879447 0.38092038 1.0502501
-0.39898431 0.38286224 1.05075
-0.39898431 0.38462272 1.05075
-0.39936405 0.38675097 1.0517501
-0.39983872 0.38897488 1.0530001
-0.40031332 0.39120296 1.05425
-0.39680099 0.38952142 1.0450001
-0.39670607 0.39117867 1.0447501
-0.39670607 0.39292914 1.0447501
-0.39670607 0.39467958 1.0447501
-0.39670607 0.39643002 1.0447501
-0.40116769 0.40265867 1.0565001
-0.40135753 0.4046202 1.057
-0.40135753 0.40639114 1.057
-0.40135753 0.40816212 1.057
-0.40135753 0.40993309 1.057
-0.40116769 0.41150934 1.0565001
-0.44854182 0.34286827 1.1865001
-0.44854182 0.34485623 1.1865001
-0.44409987 0.34340933 1.1747501
-0.44409987 0.34537756 1.1747501
-0.44409987 0.34734583 1.1747501
-0.44409987 0.34931409 1.1747501
-0.41215566 0.37168142 1.09025
-0.41215566 0.37350807 1.09025
-0.39656162 0.3769519 1.049
-0.39656162 0.37870947 1.049
-0.39665613 0.38055769 1.04925
-0.39675066 0.3824068 1.0495001
-0.39675066 0.3841652 1.0495001
-0.39807379 0.38721061 1.0530001
-0.39854631 0.38943657 1.05425
-0.39892435 0.39157405 1.05525
-0.39892435 0.39334208 1.05525
-0.39911336 0.39529732 1.05575
-0.39939693 0.39734828 1.0565001
-0.39958593 0.39930728 1.057
-0.39958593 0.40107825 1.057
-0.39968041 0.40294448 1.05725
-0.39986947 0.40490732 1.0577501
-0.39996397 0.40677565 1.0580001
-0.39996397 0.4085483 1.0580001
-0.39986947 0.41022399 1.0577501
-0.39968041 0.41180143 1.05725
-0.44655311 0.34286827 1.1865001
-0.44655311 0.34485623 1.1865001
-0.44213086 0.34340933 1.1747501
-0.44213086 0.34537756 1.1747501
-0.44213086 0.34734583 1.1747501
-0.44213086 0.34931409 1.1747501
-0.44213086 0.35128233 1.1747501
-0.44523585 0.35573137 1.1830001
-0.41032827 0.37168142 1.09025
-0.41032827 0.37350807 1.09025
-0.39480338 0.3769519 1.049
-0.39480338 0.37870947 1.049
-0.39489746 0.38055769 1.04925
-0.39499158 0.3824068 1.0495001
-0.39499158 0.3841652 1.0495001
-0.39687338 0.38776219 1.0545001
-0.39715564 0.389806 1.05525
-0.39734381 0.39175957 1.05575
-0.39734381 0.39352843 1.05575
-0.39753202 0.39548454 1.0562501
-0.39772019 0.39744231 1.0567501
-0.39790836 0.39940172 1.05725
-0.39790836 0.40117311 1.05725
-0.39809656 0.40313506 1.0577501
-0.39828473 0.40509871 1.0582501
-0.39847291 0.40706399 1.05875
-0.39847291 0.40883788 1.05875
-0.39856699 0.41070876 1.059
-0.39837882 0.41228831 1.0585001
-0.44475177 0.34301272 1.187
-0.44475177 0.34500155 1.187
-0.44016188 0.34340933 1.1747501
-0.44016188 0.34537756 1.1747501
-0.44016188 0.34734583 1.1747501
-0.44016188 0.34931409 1.1747501
-0.44016188 0.35128233 1.1747501
-0.44325304 0.35573137 1.1830001
-0.51069641 0.41442519 1.363
-0.51069641 0.41670886 1.363
-0.39267051 0.37659258 1.0480001
-0.39267051 0.37834847 1.0480001
-0.39267051 0.38010433 1.0480001
-0.39267051 0.38186026 1.0480001
-0.39267051 0.38361612 1.0480001
-0.39510596 0.38776219 1.0545001
-0.39538696 0.389806 1.05525
-0.39557427 0.39175957 1.05575
-0.39557427 0.39352843 1.05575
-0.39576167 0.39548454 1.0562501
-0.39594898 0.39744231 1.0567501
-0.39613631 0.39940172 1.05725
-0.39613631 0.40117311 1.05725
-0.39632368 0.40313506 1.0577501
-0.39651102 0.40509871 1.0582501
-0.39669836 0.40706399 1.05875
-0.39669836 0.40883788 1.05875
-0.39679199 0.41070876 1.059
-0.39660469 0.41228831 1.0585001
-0.44304201 0.34720957 1.1877501
-0.43819287 0.34537756 1.1747501
-0.43819287 0.34734583 1.1747501
-0.43819287 0.34931409 1.1747501
-0.44080395 0.35337552 1.1817501
-0.50841188 0.41442519 1.363
-0.50841188 0.41670886 1.363
-0.40639383 0.37872741 1.0895001
-0.40639383 0.38055283 1.0895001
-0.39044765 0.3761434 1.0467501
-0.39035442 0.37780693 1.0465001
-0.39035442 0.37956029 1.0465001
-0.3905409 0.38149586 1.0470001
-0.3905409 0.38325006 1.0470001
-0.3907274 0.38518813 1.0475
-0.39380473 0.38999069 1.05575
-0.39399126 0.39194515 1.0562501
-0.39399126 0.39371485 1.0562501
-0.39408451 0.39557815 1.0565001
-0.39427099 0.39753634 1.057
-0.39445749 0.39949617 1.0575
-0.39445749 0.40126795 1.0575
-0.39464402 0.40323034 1.0580001
-0.39492375 0.4052901 1.05875
-0.39520353 0.40735236 1.0595001
-0.39520353 0.4091275 1.0595001
-0.39539003 0.4110966 1.0600001
-0.39539003 0.41287258 1.0600001
-0.44105124 0.34720957 1.1877501
-0.43622389 0.34537756 1.1747501
-0.43622389 0.34734583 1.1747501
-0.43622389 0.34931409 1.1747501
-0.43882322 0.35337552 1.1817501
-0.45219123 0.36618081 1.2177501
-0.45219123 0.36822107 1.2177501
-0.50612736 0.41442519 1.363
-0.50612736 0.41670886 1.363
-0.40456772 0.37872741 1.0895001
-0.40456772 0.38055283 1.0895001
-0.39379904 0.37575385 1.0605
-0.3937062 0.3774417 1.06025
-0.3937062 0.37921813 1.06025
-0.38776487 0.375245 1.04425
-0.38776487 0.37699461 1.04425
-0.38860041 0.37956029 1.0465001
-0.38878605 0.38149586 1.0470001
-0.38860041 0.38306707 1.0465001
-0.38860041 0.38482043 1.0465001
-0.38943589 0.38740492 1.04875
-0.39222088 0.39194515 1.0562501
-0.39222088 0.39371485 1.0562501
-0.39240655 0.39567176 1.0567501
-0.39259219 0.39763036 1.05725
-0.39277789 0.39959064 1.0577501
-0.39277789 0.40136287 1.0577501
-0.39305639 0.4034209 1.0585001
-0.39333487 0.40548149 1.05925
-0.3936134 0.40754458 1.0600001
-0.3936134 0.40932056 1.0600001
-0.39379904 0.4112905 1.0605
-0.39398474 0.4132621 1.0610001
-0.45015013 0.36618081 1.2177501
-0.45015013 0.36822107 1.2177501
-0.40274161 0.37507656 1.0895001
-0.40274161 0.37690201 1.0895001
-0.40274161 0.37872741 1.0895001
-0.40274161 0.38055283 1.0895001
-0.39202151 0.37575385 1.0605
-0.39192912 0.3774417 1.06025
-0.39192912 0.37921813 1.06025
-0.38601458 0.375245 1.04425
-0.38601458 0.37699461 1.04425
-0.38684633 0.38306707 1.0465001
-0.38684633 0.38482043 1.0465001
-0.38767806 0.38740492 1.04875
-0.39054292 0.3920379 1.0565001
-0.39054292 0.39380804 1.0565001
-0.39072773 0.39576533 1.057
-0.39091253 0.39772436 1.0575
-0.39118981 0.39977953 1.0582501
-0.39118981 0.40155256 1.0582501
-0.39146703 0.40361145 1.059
-0.3918367 0.4057686 1.0600001
-0.39211392 0.40783292 1.06075
-0.39211392 0.40961015 1.06075
-0.3923912 0.41167834 1.0615001
-0.39266843 0.41374895 1.06225
-0.4009155 0.37507656 1.0895001
-0.4009155 0.37690201 1.0895001
-0.4009155 0.37872741 1.0895001
-0.39015204 0.37566528 1.06025
-0.39015204 0.3774417 1.06025
-0.39015204 0.37921813 1.06025
-0.38352838 0.37452632 1.04225
-0.38334441 0.37609208 1.0417501
-0.38334441 0.37783748 1.0417501
-0.38334441 0.37958294 1.0417501
-0.38316038 0.38114527 1.04125
-0.38316038 0.38288984 1.04125
-0.38592026 0.38740492 1.04875
-0.3885881 0.39185235 1.056
-0.3885881 0.39362162 1.056
-0.3889561 0.39576533 1.057
-0.3891401 0.39772436 1.0575
-0.3894161 0.39977953 1.0582501
-0.3894161 0.40155256 1.0582501
-0.38969207 0.40361145 1.059
-0.39006007 0.4057686 1.0600001
-0.39033604 0.40783292 1.06075
-0.39033604 0.40961015 1.06075
-0.39061204 0.41167834 1.0615001
-0.39088801 0.41374895 1.06225
-0.38846651 0.37397704 1.0605
-0.38837495 0.37566528 1.06025
-0.38837495 0.3774417 1.06025
-0.38837495 0.37921813 1.06025
-0.38159832 0.37434667 1.0417501
-0.38150674 0.37600183 1.0415001
-0.38150674 0.37774682 1.0415001
-0.38150674 0.37949184 1.0415001
-0.38141513 0.38114527 1.04125
-0.38141513 0.38288984 1.04125
-0.38434559 0.3875896 1.04925
-0.38681814 0.39185235 1.056
-0.38681814 0.39362162 1.056
-0.38718447 0.39576533 1.057
-0.38745922 0.39781845 1.0577501
-0.38773391 0.39987394 1.0585001
-0.38773391 0.40164742 1.0585001
-0.38810024 0.40380204 1.0595001
-0.3886497 0.40615141 1.0610001
-0.38910756 0.40840966 1.06225
-0.38910756 0.41018939 1.06225
-0.3893823 0.41226009 1.0630001
-0.39304534 0.41793612 1.0730001
-0.38696253 0.36890727 1.0612501
-0.38696253 0.37068537 1.0612501
-0.38668904 0.37397704 1.0605
-0.38668904 0.37575385 1.0605
-0.3796699 0.37416697 1.04125
-0.37957877 0.37582129 1.041
-0.37957877 0.37756544 1.041
-0.37957877 0.37930962 1.041
-0.37957877 0.38105378 1.041
-0.3796699 0.38288984 1.04125
-0.38322505 0.38823605 1.051
-0.38523054 0.3920379 1.0565001
-0.38523054 0.39380804 1.0565001
-0.38559514 0.39595255 1.0575
-0.38577747 0.39791244 1.0580001
-0.38614208 0.40006283 1.059
-0.38614208 0.40183714 1.059
-0.38696253 0.40446901 1.0612501
-0.38760063 0.40691701 1.0630001
-0.38805637 0.40917858 1.06425
-0.38805637 0.41096169 1.06425
-0.38823873 0.41293877 1.0647501
-0.38951492 0.41608596 1.0682501
-0.38518375 0.36890727 1.0612501
-0.38518375 0.37068537 1.0612501
-0.38491151 0.37397704 1.0605
-0.38491151 0.37575385 1.0605
-0.37792465 0.37416697 1.04125
-0.37783393 0.37582129 1.041
-0.37783393 0.37756544 1.041
-0.37783393 0.37930962 1.041
-0.37783393 0.38105378 1.041
-0.38146347 0.38647515 1.051
-0.38309675 0.38989833 1.0555
-0.38382265 0.39240894 1.0575
-0.38382265 0.39418074 1.0575
-0.38400415 0.39613977 1.0580001
-0.38427636 0.39819449 1.05875
-0.38509303 0.40081841 1.0610001
-0.38509303 0.40259609 1.0610001
-0.38618183 0.40551707 1.064
-0.38645408 0.4075869 1.0647501
-0.38672629 0.40965921 1.0655
-0.38672629 0.4114444 1.0655
-0.3869985 0.41352051 1.0662501
-0.3877244 0.41608596 1.0682501
-0.42937747 0.36335912 1.1885
-0.42937747 0.3653504 1.1885
-0.383405 0.36890727 1.0612501
-0.383405 0.37068537 1.0612501
-0.38611457 0.37509567 1.06875
-0.38313404 0.37397704 1.0605
-0.3828631 0.37548813 1.0597501
-0.38268241 0.37708569 1.05925
-0.38268241 0.37886044 1.05925
-0.37617943 0.37416697 1.04125
-0.37608913 0.37582129 1.041
-0.37608913 0.37756544 1.041
-0.37608913 0.37930962 1.041
-0.37608913 0.38105378 1.041
-0.37970188 0.38647515 1.051
-0.38132766 0.38989833 1.0555
-0.38205019 0.39240894 1.0575
-0.38205019 0.39418074 1.0575
-0.38223085 0.39613977 1.0580001
-0.38250181 0.39819449 1.05875
-0.3833147 0.40081841 1.0610001
-0.3833147 0.40259609 1.0610001
-0.38439849 0.40551707 1.064
-0.38466948 0.4075869 1.0647501
-0.38494042 0.40965921 1.0655
-0.38494042 0.4114444 1.0655
-0.38521138 0.41352051 1.0662501
-0.38593394 0.41608596 1.0682501
-0.42729554 0.36328268 1.1882501
-0.42729554 0.36527354 1.1882501
-0.42729554 0.36726445 1.1882501
-0.39601028 0.37912166 1.1012501
-0.39601028 0.38096678 1.1012501
-0.3922345 0.37916195 1.0907501
-0.38567179 0.37461489 1.0725001
-0.38432324 0.37509567 1.06875
-0.38432324 0.37688634 1.06875
-0.38108686 0.37548813 1.0597501
-0.38090703 0.37708569 1.05925
-0.38090703 0.37886044 1.05925
-0.38072723 0.38045552 1.05875
-0.37515345 0.37663361 1.0432501
-0.37515345 0.37838155 1.0432501
-0.37776053 0.38277116 1.0505
-0.37776053 0.38453123 1.0505
-0.37955853 0.38812989 1.0555
-0.38018784 0.39054477 1.05725
-0.38054746 0.39268729 1.0582501
-0.38054746 0.39446032 1.0582501
-0.38081715 0.39651418 1.059
-0.38108686 0.39857063 1.0597501
-0.38270503 0.40204614 1.06425
-0.38270503 0.40382925 1.06425
-0.38306466 0.40599349 1.06525
-0.38324443 0.40796968 1.06575
-0.38351417 0.41004369 1.0665001
-0.38351417 0.41183057 1.0665001
-0.38378385 0.4139083 1.06725
-0.38414347 0.41608596 1.0682501
-0.42530391 0.36328268 1.1882501
-0.42530391 0.36527354 1.1882501
-0.42530391 0.36726445 1.1882501
-0.39416447 0.37912166 1.1012501
-0.39416447 0.38096678 1.1012501
-0.39040628 0.38098946 1.0907501
-0.39040628 0.38281694 1.0907501
-0.38414258 0.38027143 1.0732501
-0.38405311 0.38198063 1.0730001
-0.38405311 0.38377842 1.0730001
-0.37886319 0.38036567 1.0585001
-0.37850526 0.38177812 1.0575
-0.37823683 0.38327792 1.0567501
-0.37823683 0.38504848 1.0567501
-0.37823683 0.38681901 1.0567501
-0.3811897 0.39162326 1.0650001
-0.37913162 0.39128357 1.05925
-0.37913162 0.39305833 1.05925
-0.37913162 0.39483306 1.05925
-0.37940007 0.39688861 1.0600001
-0.38011593 0.39941683 1.062
-0.38136864 0.40251836 1.0655
-0.38136864 0.40430355 1.0655
-0.38163713 0.40637463 1.0662501
-0.38181606 0.40835249 1.06675
-0.38199502 0.41033202 1.06725
-0.38199502 0.41212016 1.06725
-0.38226348 0.4141992 1.0680001
-0.38253191 0.41628072 1.06875
-0.41859201 0.35923177 1.1750001
-0.4183248 0.36096987 1.17425
-0.4183248 0.3629373 1.17425
-0.4183248 0.3649047 1.17425
-0.4181467 0.36671591 1.17375
-0.4181467 0.36868247 1.17375
-0.39231867 0.37912166 1.1012501
-0.39231867 0.38096678 1.1012501
-0.39231867 0.384657 1.1012501
-0.39231867 0.38650209 1.1012501
-0.38252184 0.3822476 1.07375
-0.38252184 0.38404664 1.07375
-0.37708905 0.38036567 1.0585001
-0.37708905 0.38213915 1.0585001
-0.3771781 0.38400328 1.05875
-0.37976092 0.38841891 1.0660001
-0.38011715 0.39057097 1.067
-0.38011715 0.39235869 1.067
-0.38020623 0.39423874 1.06725
-0.38020623 0.39602691 1.06725
-0.37878123 0.39632407 1.0632501
-0.37878123 0.3981055 1.0632501
-0.37993905 0.40110928 1.0665001
-0.37993905 0.40289617 1.0665001
-0.3800281 0.40477788 1.06675
-0.3800281 0.40656519 1.06675
-0.38020623 0.40854388 1.06725
-0.38038436 0.41052428 1.0677501
-0.38065153 0.41260284 1.0685
-0.38065153 0.4143931 1.0685
-0.38109687 0.41667023 1.0697501
-0.463958 0.35181499 1.3085001
-0.44906595 0.34264448 1.2665001
-0.44906595 0.3447665 1.2665001
-0.44906595 0.34688845 1.2665001
-0.41892731 0.35528031 1.1815001
-0.41892731 0.35725987 1.1815001
-0.41644531 0.3571111 1.1745001
-0.41635662 0.35900247 1.17425
-0.41635662 0.36096987 1.17425
-0.41635662 0.3629373 1.17425
-0.41626799 0.36482704 1.174
-0.41050619 0.36171702 1.15775
-0.41050619 0.36365676 1.15775
-0.39047286 0.384657 1.1012501
-0.39047286 0.38650209 1.1012501
-0.38072211 0.3822476 1.07375
-0.37779689 0.38109589 1.0655
-0.37531489 0.38036567 1.0585001
-0.37531489 0.38213915 1.0585001
-0.37540352 0.38400328 1.05875
-0.37797421 0.38841891 1.0660001
-0.37832874 0.39057097 1.067
-0.37832874 0.39235869 1.067
-0.37841737 0.39423874 1.06725
-0.37841737 0.39602691 1.06725
-0.37699911 0.39632407 1.0632501
-0.37699911 0.3981055 1.0632501
-0.37815148 0.40110928 1.0665001
-0.37815148 0.40289617 1.0665001
-0.37824011 0.40477788 1.06675
-0.37824011 0.40656519 1.06675
-0.37841737 0.40854388 1.06725
-0.3785947 0.41052428 1.0677501
-0.37886062 0.41260284 1.0685
-0.37886062 0.4143931 1.0685
-0.37930384 0.41667023 1.0697501
-0.46176484 0.35181499 1.3085001
-0.44694319 0.34264448 1.2665001
-0.44694319 0.3447665 1.2665001
-0.44694319 0.34688845 1.2665001
-0.41694701 0.35528031 1.1815001
-0.41694701 0.35725987 1.1815001
-0.41447675 0.3571111 1.1745001
-0.41438848 0.35900247 1.17425
-0.41438848 0.36096987 1.17425
-0.41438848 0.3629373 1.17425
-0.40953618 0.36063182 1.1605
-0.40530142 0.35882702 1.1485001
-0.40530142 0.3607513 1.1485001
-0.40186068 0.36150464 1.1387501
-0.40186068 0.36341256 1.1387501
-0.40583077 0.36892962 1.1500001
-0.3887153 0.38474432 1.1015
-0.3887153 0.38658983 1.1015
-0.37927532 0.3808029 1.0747501
-0.37901062 0.38233659 1.074
-0.37601101 0.38109589 1.0655
-0.37601101 0.38288108 1.0655
-0.37601101 0.38466626 1.0655
-0.37636393 0.38681418 1.0665001
-0.37654036 0.38878328 1.067
-0.37671679 0.39075398 1.0675
-0.37671679 0.39254254 1.0675
-0.37689328 0.39451581 1.0680001
-0.37689328 0.39630523 1.0680001
-0.37689328 0.39809462 1.0680001
-0.37680507 0.39979041 1.0677501
-0.37671679 0.40148535 1.0675
-0.37671679 0.40327391 1.0675
-0.38156915 0.4102799 1.0812501
-0.38068688 0.41113865 1.07875
-0.37706971 0.40902239 1.0685
-0.37706971 0.41081262 1.0685
-0.37751085 0.41308555 1.0697501
-0.37751085 0.41487792 1.0697501
-0.37883419 0.41813084 1.0735
-0.4448204 0.34052253 1.2665001
-0.4448204 0.34264448 1.2665001
-0.4448204 0.3447665 1.2665001
-0.4448204 0.34688845 1.2665001
-0.42840084 0.36678219 1.21975
-0.42840084 0.36882582 1.21975
-0.41250816 0.3571111 1.1745001
-0.4124203 0.35900247 1.17425
-0.4124203 0.36096987 1.17425
-0.4124203 0.3629373 1.17425
-0.40759104 0.36063182 1.1605
-0.40337643 0.35882702 1.1485001
-0.40337643 0.3607513 1.1485001
-0.39995202 0.36150464 1.1387501
-0.39995202 0.36341256 1.1387501
-0.40390325 0.36892962 1.1500001
-0.37747392 0.3808029 1.0747501
-0.37738612 0.3825146 1.0745001
-0.37457636 0.38145357 1.0665001
-0.37457636 0.38324043 1.0665001
-0.37457636 0.38502732 1.0665001
-0.37475196 0.38699552 1.067
-0.37492755 0.38896543 1.0675
-0.37510321 0.39093703 1.0680001
-0.37510321 0.39272642 1.0680001
-0.3753666 0.39479285 1.06875
-0.3754544 0.39667627 1.069
-0.3754544 0.39846733 1.069
-0.3753666 0.40016481 1.06875
-0.3753666 0.40195549 1.06875
-0.37949342 0.40818498 1.0805
-0.38072273 0.41132343 1.0840001
-0.38072273 0.41313961 1.0840001
-0.38054708 0.4147644 1.0835
-0.37694708 0.4126389 1.0732501
-0.37694708 0.41443709 1.0732501
-0.37694708 0.4162353 1.0732501
-0.37791297 0.41910464 1.0760001
-0.44269764 0.34052253 1.2665001
-0.44269764 0.34264448 1.2665001
-0.42635643 0.36678219 1.21975
-0.42635643 0.36882582 1.21975
-0.4105396 0.3571111 1.1745001
-0.41045216 0.35900247 1.17425
-0.41036478 0.36089301 1.174
-0.41036478 0.36286002 1.174
-0.40564597 0.36063182 1.1605
-0.40127665 0.3586708 1.148
-0.39743167 0.35713908 1.1370001
-0.39743167 0.3590441 1.1370001
-0.39743167 0.3609491 1.1370001
-0.39743167 0.36285409 1.1370001
-0.39760643 0.36491951 1.1375
-0.40223789 0.37109825 1.15075
-0.40223789 0.37302628 1.15075
-0.37593469 0.38106862 1.0755
-0.37593469 0.38287058 1.0755
-0.37444916 0.38315248 1.0712501
-0.37444916 0.38494733 1.0712501
-0.37313834 0.38538831 1.0675
-0.37313834 0.38717684 1.0675
-0.37331313 0.38914764 1.0680001
-0.37348789 0.39112005 1.0685
-0.37348789 0.39291027 1.0685
-0.37375006 0.39497757 1.0692501
-0.37392482 0.3969546 1.0697501
-0.3740122 0.3988401 1.0700001
-0.3740122 0.40063286 1.0700001
-0.37899324 0.40778503 1.0842501
-0.37925538 0.40988496 1.085
-0.3836247 0.41644597 1.0975001
-0.3836247 0.4182848 1.0975001
-0.38371205 0.42021933 1.0977501
-0.37925538 0.41715649 1.085
-0.37925538 0.41897434 1.085
-0.37619686 0.41739878 1.0762501
-0.37619686 0.419202 1.0762501
-0.40839705 0.36089301 1.174
-0.40839705 0.36286002 1.174
-0.40370083 0.36063182 1.1605
-0.39935246 0.3586708 1.148
-0.39552593 0.35713908 1.1370001
-0.39552593 0.3590441 1.1370001
-0.39552593 0.3609491 1.1370001
-0.39552593 0.36285409 1.1370001
-0.39552593 0.36475912 1.1370001
-0.40030912 0.37109825 1.15075
-0.40030912 0.37302628 1.15075
-0.37900221 0.36777487 1.0895001
-0.37900221 0.36960033 1.0895001
-0.37874129 0.37117004 1.08875
-0.37839344 0.37265164 1.0877501
-0.37839344 0.37447411 1.0877501
-0.3771759 0.37871906 1.0842501
-0.37447992 0.37781566 1.0765001
-0.37447992 0.37961933 1.0765001
-0.37413204 0.38106862 1.0755
-0.37413204 0.38287058 1.0755
-0.3726536 0.38315248 1.0712501
-0.3726536 0.38494733 1.0712501
-0.3713491 0.38538831 1.0675
-0.3713491 0.38717684 1.0675
-0.37152305 0.38914764 1.0680001
-0.37169698 0.39112005 1.0685
-0.37169698 0.39291027 1.0685
-0.3719579 0.39497757 1.0692501
-0.37213182 0.3969546 1.0697501
-0.37221879 0.3988401 1.0700001
-0.37221879 0.40063286 1.0700001
-0.3771759 0.40778503 1.0842501
-0.37743679 0.40988496 1.085
-0.38178515 0.41644597 1.0975001
-0.38178515 0.4182848 1.0975001
-0.38178515 0.42012364 1.0975001
-0.37743679 0.41715649 1.085
-0.37743679 0.41897434 1.085
-0.37439296 0.41739878 1.0762501
-0.37439296 0.419202 1.0762501
-0.40244812 0.36125332 1.1625
-0.39751491 0.35874894 1.1482501
-0.39362022 0.35713908 1.1370001
-0.39362022 0.3590441 1.1370001
-0.39353371 0.36086974 1.1367501
-0.39353371 0.36277431 1.1367501
-0.39362022 0.36475912 1.1370001
-0.39855343 0.37125948 1.15125
-0.39855343 0.37318835 1.15125
-0.4109298 0.39472094 1.187
-0.4109298 0.39670974 1.187
-0.37778196 0.36653727 1.0912501
-0.37717611 0.36777487 1.0895001
-0.37717611 0.36960033 1.0895001
-0.37691644 0.37117004 1.08875
-0.37631062 0.37239465 1.087
-0.37631062 0.37421587 1.087
-0.37596443 0.37751076 1.0860001
-0.37535861 0.37871906 1.0842501
-0.37267563 0.37781566 1.0765001
-0.37267563 0.37961933 1.0765001
-0.37267563 0.38142297 1.0765001
-0.37258908 0.38313758 1.0762501
-0.37241596 0.38476196 1.07575
-0.37241596 0.38656434 1.07575
-0.36990607 0.38574934 1.0685
-0.36990607 0.38753957 1.0685
-0.36990607 0.38932982 1.0685
-0.37007916 0.39130306 1.069
-0.37007916 0.39309412 1.069
-0.37033883 0.39516225 1.0697501
-0.37051192 0.39714015 1.07025
-0.37094465 0.39939925 1.0715001
-0.37094465 0.40119448 1.0715001
-0.37587792 0.40834919 1.0857501
-0.37951291 0.41413492 1.0962501
-0.37977254 0.41625622 1.097
-0.37977254 0.41809419 1.097
-0.37985912 0.42002794 1.0972501
-0.37977254 0.42177019 1.097
-0.37977254 0.42360815 1.097
-0.37951291 0.42515531 1.0962501
-0.37293524 0.41959146 1.07725
-0.4006719 0.36335731 1.1630001
-0.39533189 0.36043718 1.1475
-0.39533189 0.36235979 1.1475
-0.39162838 0.36086974 1.1367501
-0.39162838 0.36277431 1.1367501
-0.39197287 0.36499971 1.13775
-0.40894026 0.39472094 1.187
-0.40894026 0.39670974 1.187
-0.3759529 0.36653727 1.0912501
-0.37535 0.36777487 1.0895001
-0.37535 0.36960033 1.0895001
-0.37535 0.37142575 1.0895001
-0.37448868 0.37239465 1.087
-0.3741442 0.37387165 1.0860001
-0.3741442 0.37569121 1.0860001
-0.37405807 0.37742385 1.0857501
-0.37405807 0.37924299 1.0857501
-0.37112966 0.37807888 1.07725
-0.37112966 0.3798838 1.07725
-0.37112966 0.38168868 1.07725
-0.37112966 0.38349357 1.07725
-0.37112966 0.38529849 1.07725
-0.37130192 0.38728306 1.0777501
-0.37130192 0.38908878 1.0777501
-0.36828738 0.38772091 1.069
-0.36828738 0.389512 1.069
-0.36837354 0.39139462 1.0692501
-0.36837354 0.39318609 1.0692501
-0.36845967 0.39506993 1.0695001
-0.3685458 0.3969546 1.0697501
-0.36940706 0.39967877 1.07225
-0.36940706 0.40147528 1.07225
-0.37448868 0.40881929 1.087
-0.37741709 0.41385162 1.0955001
-0.37767547 0.41597167 1.0962501
-0.37767547 0.41780838 1.0962501
-0.37793383 0.41993222 1.097
-0.3777616 0.42157796 1.0965
-0.3777616 0.42341509 1.0965
-0.37750322 0.42496142 1.0957501
-0.37741709 0.42669994 1.0955001
-0.39872262 0.36335731 1.1630001
-0.3934086 0.36043718 1.1475
-0.3934086 0.36235979 1.1475
-0.38972309 0.36086974 1.1367501
-0.38972309 0.36277431 1.1367501
-0.39006591 0.36499971 1.13775
-0.40695077 0.39472094 1.187
-0.40695077 0.39670974 1.187
-0.37412387 0.36653727 1.0912501
-0.37352389 0.36777487 1.0895001
-0.37352389 0.36960033 1.0895001
-0.37352389 0.37142575 1.0895001
-0.37232396 0.37387165 1.0860001
-0.37232396 0.37569121 1.0860001
-0.37223825 0.37742385 1.0857501
-0.37223825 0.37924299 1.0857501
-0.36958125 0.37834212 1.0780001
-0.36958125 0.38014829 1.0780001
-0.36958125 0.38195443 1.0780001
-0.36958125 0.38376057 1.0780001
-0.36958125 0.38556674 1.0780001
-0.36975265 0.38755256 1.0785
-0.36975265 0.38935953 1.0785
-0.36983836 0.39125717 1.07875
-0.36658141 0.38960314 1.0692501
-0.36658141 0.39139462 1.0692501
-0.36658141 0.39318609 1.0692501
-0.36666712 0.39506993 1.0695001
-0.3667528 0.3969546 1.0697501
-0.36795273 0.40005153 1.0732501
-0.36795273 0.40184972 1.0732501
-0.37292394 0.40910137 1.0877501
-0.37558094 0.41385162 1.0955001
-0.37583807 0.41597167 1.0962501
-0.37583807 0.41780838 1.0962501
-0.37609518 0.41993222 1.097
-0.37592375 0.42157796 1.0965
-0.37592375 0.42341509 1.0965
-0.37566665 0.42496142 1.0957501
-0.37558094 0.42669994 1.0955001
-0.39719972 0.36569846 1.16425
-0.39719972 0.36764914 1.16425
-0.39250875 0.36523476 1.1505001
-0.39250875 0.36716238 1.1505001
-0.39719972 0.37350112 1.16425
-0.37255067 0.36678916 1.092
-0.37255067 0.36861879 1.092
-0.37050369 0.37387165 1.0860001
-0.37050369 0.37569121 1.0860001
-0.37041843 0.37742385 1.0857501
-0.37041843 0.37924299 1.0857501
-0.3677744 0.37834212 1.0780001
-0.3677744 0.38014829 1.0780001
-0.3677744 0.38195443 1.0780001
-0.3677744 0.38376057 1.0780001
-0.3677744 0.38556674 1.0780001
-0.36794496 0.38755256 1.0785
-0.36794496 0.38935953 1.0785
-0.36803025 0.39125717 1.07875
-0.36470389 0.389512 1.069
-0.36470389 0.39130306 1.069
-0.36470389 0.39309412 1.069
-0.36470389 0.39488518 1.069
-0.36470389 0.39667627 1.069
-0.36521566 0.39902648 1.0705
-0.36521566 0.40082005 1.0705
-0.3687126 0.40646869 1.0807501
-0.37135661 0.41120717 1.0885
-0.37280655 0.41464359 1.0927501
-0.37280655 0.41647443 1.0927501
-0.37229481 0.41773114 1.0912501
-0.37229481 0.41955948 1.0912501
-0.37255067 0.42167741 1.092
-0.37255067 0.42350703 1.092
-0.37348887 0.42640778 1.09475
-0.40017092 0.37617788 1.17875
-0.40017092 0.37815285 1.17875
-0.4002558 0.3802084 1.179
-0.4002558 0.38218379 1.179
-0.36791959 0.36583388 1.08375
-0.36791959 0.3676497 1.08375
-0.36791959 0.36946547 1.08375
-0.36698604 0.37033916 1.0810001
-0.36698604 0.37215033 1.0810001
-0.36605245 0.37842986 1.0782501
-0.36605245 0.38023645 1.0782501
-0.36605245 0.382043 1.0782501
-0.36605245 0.38384956 1.0782501
-0.3661373 0.38574558 1.0785
-0.36622217 0.38764238 1.07875
-0.36622217 0.38944978 1.07875
-0.36630705 0.39134786 1.079
-0.3628273 0.3894209 1.06875
-0.3628273 0.39121157 1.06875
-0.3628273 0.39300221 1.06875
-0.36274242 0.3947005 1.0685
-0.36274242 0.39649075 1.0685
-0.36274242 0.39828098 1.0685
-0.36274242 0.4000712 1.0685
-0.36528862 0.40468222 1.0760001
-0.3685137 0.41007385 1.0855
-0.36927757 0.41274634 1.0877501
-0.36927757 0.41456881 1.0877501
-0.36944732 0.4165827 1.08825
-0.36961704 0.41859826 1.08875
-0.36970195 0.42051899 1.0890001
-0.36970195 0.42234358 1.0890001
-0.36987168 0.4243629 1.0895001
-0.39827967 0.37625766 1.179
-0.39827967 0.37823305 1.179
-0.39827967 0.3802084 1.179
-0.39827967 0.38218379 1.179
-0.36610311 0.36583388 1.08375
-0.36610311 0.3676497 1.08375
-0.3652586 0.36861321 1.0812501
-0.36483634 0.36999655 1.08
-0.36483634 0.37180603 1.08
-0.36432961 0.37490362 1.0785
-0.36416072 0.37653598 1.0780001
-0.36416072 0.37834212 1.0780001
-0.36416072 0.38014829 1.0780001
-0.36416072 0.38195443 1.0780001
-0.36424518 0.38384956 1.0782501
-0.36432961 0.38574558 1.0785
-0.3644985 0.38773221 1.079
-0.3644985 0.38954002 1.079
-0.36103594 0.38763022 1.06875
-0.36095151 0.38932982 1.0685
-0.36095151 0.39112005 1.0685
-0.36095151 0.39291027 1.0685
-0.36086705 0.39460817 1.0682501
-0.36086705 0.39639801 1.0682501
-0.36086705 0.39818782 1.0682501
-0.36086705 0.39997762 1.0682501
-0.3634851 0.40468222 1.0760001
-0.36627206 0.40960166 1.0842501
-0.36686322 0.41208231 1.0860001
-0.36686322 0.41390184 1.0860001
-0.36728546 0.41619989 1.08725
-0.36745438 0.41821381 1.0877501
-0.36762327 0.42022935 1.08825
-0.36762327 0.42205268 1.08825
-0.36779219 0.42407075 1.08875
-0.39638758 0.37238586 1.17925
-0.39638758 0.37436163 1.17925
-0.39630356 0.37625766 1.179
-0.39630356 0.37823305 1.179
-0.39630356 0.3802084 1.179
-0.39630356 0.38218379 1.179
-0.38420269 0.37817428 1.143
-0.37781614 0.37377113 1.1240001
-0.37781614 0.3756544 1.1240001
-0.37781614 0.37753761 1.1240001
-0.36848837 0.37005344 1.0962501
-0.36848837 0.37189019 1.0962501
-0.36344635 0.36861321 1.0812501
-0.36302617 0.36999655 1.08
-0.36302617 0.37180603 1.08
-0.36252198 0.37490362 1.0785
-0.36235392 0.37653598 1.0780001
-0.36235392 0.37834212 1.0780001
-0.36235392 0.38014829 1.0780001
-0.36235392 0.38195443 1.0780001
-0.36243793 0.38384956 1.0782501
-0.36252198 0.38574558 1.0785
-0.36269003 0.38773221 1.079
-0.36269003 0.38954002 1.079
-0.35924464 0.38763022 1.06875
-0.3591606 0.38932982 1.0685
-0.3591606 0.39112005 1.0685
-0.3591606 0.39291027 1.0685
-0.35907659 0.39460817 1.0682501
-0.35907659 0.39639801 1.0682501
-0.35907659 0.39818782 1.0682501
-0.35907659 0.39997762 1.0682501
-0.36260599 0.40571648 1.07875
-0.36445475 0.40960166 1.0842501
-0.36504298 0.41208231 1.0860001
-0.36504298 0.41390184 1.0860001
-0.36546314 0.41619989 1.08725
-0.36563122 0.41821381 1.0877501
-0.36579928 0.42022935 1.08825
-0.36579928 0.42205268 1.08825
-0.36596733 0.42407075 1.08875
-0.39441103 0.37238586 1.17925
-0.39441103 0.37436163 1.17925
-0.39441103 0.37633744 1.17925
-0.38111627 0.37128869 1.1395
-0.38111627 0.37319788 1.1395
-0.38111627 0.37510708 1.1395
-0.37701917 0.37296322 1.1272501
-0.37593219 0.37377113 1.1240001
-0.37593219 0.3756544 1.1240001
-0.37593219 0.37753761 1.1240001
-0.36665094 0.37005344 1.0962501
-0.36665094 0.37189019 1.0962501
-0.36163405 0.36861321 1.0812501
-0.36096513 0.36973962 1.0792501
-0.36096513 0.37154785 1.0792501
-0.36071429 0.37490362 1.0785
-0.36054707 0.37653598 1.0780001
-0.36046344 0.37825438 1.0777501
-0.36046344 0.38006014 1.0777501
-0.36046344 0.38186586 1.0777501
-0.36054707 0.38376057 1.0780001
-0.36071429 0.38574558 1.0785
-0.36079788 0.38764238 1.07875
-0.36079788 0.38944978 1.07875
-0.35745329 0.38763022 1.06875
-0.35736969 0.38932982 1.0685
-0.35736969 0.39112005 1.0685
-0.35728607 0.39281836 1.0682501
-0.35720247 0.39451581 1.0680001
-0.35711884 0.39621249 1.0677501
-0.35711884 0.39800143 1.0677501
-0.35711884 0.39979041 1.0677501
-0.36079788 0.40571648 1.07875
-0.36263743 0.40960166 1.0842501
-0.36313912 0.41198745 1.0857501
-0.36313912 0.41380659 1.0857501
-0.36330634 0.41581711 1.0862501
-0.36355716 0.41792542 1.087
-0.36372444 0.41993976 1.0875001
-0.36372444 0.42176184 1.0875001
-0.36380804 0.42368126 1.0877501
-0.37920639 0.37128869 1.1395
-0.37920639 0.37319788 1.1395
-0.37920639 0.37510708 1.1395
-0.37512982 0.37296322 1.1272501
-0.37438104 0.37410367 1.125
-0.37438104 0.37598857 1.125
-0.37404826 0.37753761 1.1240001
-0.36847416 0.37376663 1.1072501
-0.36514634 0.37222943 1.0972501
-0.36514634 0.37406784 1.0972501
-0.35915622 0.36973962 1.0792501
-0.35874024 0.3711175 1.0780001
-0.35874024 0.3729237 1.0780001
-0.35865706 0.37464294 1.0777501
-0.35857385 0.37636134 1.0775001
-0.35857385 0.37816665 1.0775001
-0.35865706 0.38006014 1.0777501
-0.35865706 0.38186586 1.0777501
-0.35874024 0.38376057 1.0780001
-0.35882342 0.38565615 1.0782501
-0.3589898 0.38764238 1.07875
-0.3589898 0.38944978 1.07875
-0.35591158 0.38790229 1.0695001
-0.35557878 0.38932982 1.0685
-0.35557878 0.39112005 1.0685
-0.3554956 0.39281836 1.0682501
-0.35532922 0.39442348 1.0677501
-0.35532922 0.39621249 1.0677501
-0.35532922 0.39800143 1.0677501
-0.35532922 0.39979041 1.0677501
-0.36007136 0.40693879 1.082
-0.36098653 0.40979052 1.0847501
-0.36115289 0.4117977 1.08525
-0.36115289 0.41361597 1.08525
-0.36131933 0.41562572 1.0857501
-0.36148569 0.41763708 1.0862501
-0.36165208 0.41965011 1.08675
-0.36165208 0.42147094 1.08675
-0.35740909 0.41832557 1.074
-0.37737924 0.37137014 1.13975
-0.37737924 0.37327975 1.13975
-0.37746203 0.37527168 1.1400001
-0.37340596 0.37312865 1.12775
-0.37266096 0.37426993 1.1255001
-0.37266096 0.3761557 1.1255001
-0.3722471 0.37762156 1.1242501
-0.37166765 0.37891448 1.1225001
-0.36678383 0.37579143 1.1077501
-0.36678383 0.37764743 1.1077501
-0.36678383 0.3795034 1.1077501
-0.35693339 0.3711175 1.0780001
-0.35693339 0.3729237 1.0780001
-0.35685062 0.37464294 1.0777501
-0.35676786 0.37636134 1.0775001
-0.35676786 0.37816665 1.0775001
-0.35685062 0.38006014 1.0777501
-0.35685062 0.38186586 1.0777501
-0.35693339 0.38376057 1.0780001
-0.35701618 0.38565615 1.0782501
-0.3571817 0.38764238 1.07875
-0.3571817 0.38944978 1.07875
-0.35734728 0.39143857 1.0792501
-0.35378787 0.38932982 1.0685
-0.35378787 0.39112005 1.0685
-0.35370511 0.39281836 1.0682501
-0.35353956 0.39442348 1.0677501
-0.35353956 0.39621249 1.0677501
-0.35834056 0.40340626 1.08225
-0.35834056 0.40521953 1.08225
-0.35892004 0.40769103 1.0840001
-0.35908559 0.4096961 1.0845001
-0.35925114 0.41170284 1.085
-0.35925114 0.41352069 1.085
-0.3593339 0.4154343 1.08525
-0.35949948 0.41744485 1.0857501
-0.35966504 0.41945705 1.0862501
-0.35966504 0.42127705 1.0862501
-0.35560894 0.41832557 1.074
-0.43048391 0.40826923 1.3067501
-0.43048391 0.41045865 1.3067501
-0.43048391 0.41264808 1.3067501
-0.37546891 0.37137014 1.13975
-0.37546891 0.37327975 1.13975
-0.37555131 0.37527168 1.1400001
-0.37151575 0.37312865 1.12775
-0.37077454 0.37426993 1.1255001
-0.37077454 0.3761557 1.1255001
-0.37036276 0.37762156 1.1242501
-0.36978626 0.37891448 1.1225001
-0.36953914 0.38054076 1.12175
-0.36953914 0.38242018 1.12175
-0.3651742 0.37976032 1.1085
-0.3651742 0.38161758 1.1085
-0.35883269 0.3786405 1.0892501
-0.35496187 0.37636134 1.0775001
-0.35496187 0.37816665 1.0775001
-0.35504422 0.38006014 1.0777501
-0.35504422 0.38186586 1.0777501
-0.35562071 0.38972056 1.0795001
-0.35562071 0.39152923 1.0795001
-0.35578543 0.39352009 1.08
-0.35578543 0.39532956 1.08
-0.35578543 0.39713907 1.08
-0.35603252 0.39922565 1.0807501
-0.35627958 0.40131471 1.0815001
-0.35693842 0.40387219 1.0835
-0.35693842 0.40568754 1.0835
-0.35718551 0.40778503 1.0842501
-0.35726789 0.4096961 1.0845001
-0.35743257 0.41170284 1.085
-0.35743257 0.41352069 1.085
-0.35751492 0.4154343 1.08525
-0.35767967 0.41744485 1.0857501
-0.35784438 0.41945705 1.0862501
-0.35784438 0.42127705 1.0862501
-0.35405591 0.41861773 1.0747501
-0.40518692 0.34895957 1.23625
-0.40518692 0.35103086 1.23625
-0.42829365 0.40826923 1.3067501
-0.42829365 0.41045865 1.3067501
-0.42829365 0.41264808 1.3067501
-0.37257534 0.36277431 1.1367501
-0.37257534 0.36467892 1.1367501
-0.37429604 0.38167021 1.1420001
-0.36880615 0.37795746 1.1252501
-0.3683145 0.37933642 1.1237501
-0.36765897 0.38054076 1.12175
-0.36765897 0.38242018 1.12175
-0.36331624 0.37976032 1.1085
-0.36331624 0.38161758 1.1085
-0.35987481 0.37984249 1.098
-0.35700697 0.3786405 1.0892501
-0.35315585 0.37636134 1.0775001
-0.35315585 0.37816665 1.0775001
-0.35323778 0.38006014 1.0777501
-0.35323778 0.38186586 1.0777501
-0.35340166 0.38384956 1.0782501
-0.35372943 0.38601384 1.0792501
-0.35372943 0.38782209 1.0792501
-0.35372943 0.38963032 1.0792501
-0.35381135 0.39152923 1.0795001
-0.35397524 0.39352009 1.08
-0.35397524 0.39532956 1.08
-0.35397524 0.39713907 1.08
-0.35422108 0.39922565 1.0807501
-0.35446686 0.40131471 1.0815001
-0.35512236 0.40387219 1.0835
-0.35512236 0.40568754 1.0835
-0.35528627 0.40769103 1.0840001
-0.35528627 0.40950722 1.0840001
-0.3553682 0.41141826 1.0842501
-0.3553682 0.41323489 1.0842501
-0.35356551 0.41294611 1.07875
-0.35299197 0.41408068 1.077
-0.35299197 0.41588512 1.077
-0.35299197 0.41768962 1.077
-0.35225451 0.41861773 1.0747501
-0.40311486 0.34895957 1.23625
-0.40311486 0.35103086 1.23625
-0.42610341 0.40826923 1.3067501
-0.42610341 0.41045865 1.3067501
-0.42610341 0.41264808 1.3067501
-0.37067005 0.36277431 1.1367501
-0.37067005 0.36467892 1.1367501
-0.37238196 0.38167021 1.1420001
-0.37238196 0.38358358 1.1420001
-0.37238196 0.38549694 1.1420001
-0.36618644 0.38096482 1.123
-0.36618644 0.38284636 1.123
-0.36439303 0.38284364 1.1175001
-0.36439303 0.38471597 1.1175001
-0.35803446 0.37984249 1.098
-0.35803446 0.38168213 1.098
-0.35567042 0.38098946 1.0907501
-0.3514314 0.37825438 1.0777501
-0.3514314 0.38006014 1.0777501
-0.3514314 0.38186586 1.0777501
-0.35159442 0.38384956 1.0782501
-0.35192052 0.38601384 1.0792501
-0.35192052 0.38782209 1.0792501
-0.35192052 0.38963032 1.0792501
-0.35501823 0.39488414 1.08875
-0.35534433 0.3970727 1.0897501
-0.35542583 0.39899004 1.09
-0.35542583 0.40081629 1.09
-0.3550998 0.40227315 1.0890001
-0.3550998 0.40409777 1.0890001
-0.35583344 0.40676099 1.0912501
-0.35461065 0.40718529 1.0875001
-0.3534694 0.40769103 1.0840001
-0.3531433 0.40912944 1.0830001
-0.3531433 0.41094396 1.0830001
-0.35240963 0.41190097 1.0807501
-0.35175744 0.41294611 1.07875
-0.35118681 0.41408068 1.077
-0.35118681 0.41588512 1.077
-0.35118681 0.41768962 1.077
-0.35724843 0.38096678 1.1012501
-0.35408548 0.37942263 1.0915
-0.35408548 0.38125139 1.0915
-0.35400438 0.38299242 1.0912501
-0.35400438 0.38482079 1.0912501
-0.34994933 0.38222015 1.07875
-0.34994933 0.38402754 1.07875
-0.35011157 0.38601384 1.0792501
-0.35059819 0.3883611 1.0807501
-0.35059819 0.39017186 1.0807501
-0.35359889 0.39533749 1.09
-0.35367998 0.39725488 1.09025
-0.35367998 0.39908153 1.09025
-0.35367998 0.4009082 1.09025
-0.3538422 0.40291959 1.0907501
-0.354491 0.40548927 1.0927501
-0.3556264 0.40862474 1.0962501
-0.3556264 0.41046146 1.0962501
-0.35392329 0.41032371 1.0910001
-0.35084146 0.40856275 1.0815001
-0.35084146 0.41037476 1.0815001
-0.35027376 0.4115198 1.0797501
-0.34994933 0.41294611 1.07875
-0.34970605 0.41446516 1.0780001
-0.34970605 0.4162713 1.0780001
-0.34970605 0.41807747 1.0780001
-0.35149026 0.42202586 1.0835
-0.39880934 0.34881842 1.2357501
-0.39880934 0.35088888 1.2357501
-0.36177647 0.35774797 1.1210001
-0.36177647 0.35962617 1.1210001
-0.36161512 0.36134315 1.1205001
-0.36161512 0.36322048 1.1205001
-0.35225603 0.37942263 1.0915
-0.35225603 0.38125139 1.0915
-0.3523367 0.38316789 1.09175
-0.35249811 0.38517347 1.0922501
-0.35241738 0.38691485 1.092
-0.35144925 0.38767651 1.0890001
-0.35144925 0.38950112 1.0890001
-0.3519333 0.39186466 1.0905
-0.35185263 0.39360151 1.09025
-0.35185263 0.39542818 1.09025
-0.35185263 0.39725488 1.09025
-0.35185263 0.39908153 1.09025
-0.35185263 0.4009082 1.09025
-0.35217535 0.40310428 1.0912501
-0.35435376 0.40743738 1.098
-0.35435376 0.40927705 1.098
-0.35419241 0.4109295 1.0975001
-0.353789 0.4122982 1.0962501
-0.34902877 0.40856275 1.0815001
-0.34902877 0.41037476 1.0815001
-0.34846401 0.4115198 1.0797501
-0.34822196 0.4130418 1.079
-0.34789923 0.41446516 1.0780001
-0.34789923 0.4162713 1.0780001
-0.34789923 0.41807747 1.0780001
-0.34967422 0.42202586 1.0835
-0.39673811 0.34881842 1.2357501
-0.39673811 0.35088888 1.2357501
-0.35973704 0.35758841 1.1205001
-0.35973704 0.35946578 1.1205001
-0.35925546 0.36085939 1.1190001
-0.35925546 0.36273423 1.1190001
-0.35042655 0.37942263 1.0915
-0.35042655 0.38125139 1.0915
-0.35050681 0.38316789 1.09175
-0.35066739 0.38517347 1.0922501
-0.35058707 0.38691485 1.092
-0.34962395 0.38767651 1.0890001
-0.34962395 0.38950112 1.0890001
-0.35010549 0.39186466 1.0905
-0.35002524 0.39360151 1.09025
-0.35002524 0.39542818 1.09025
-0.35002524 0.39725488 1.09025
-0.35002524 0.39908153 1.09025
-0.35002524 0.4009082 1.09025
-0.3503463 0.40310428 1.0912501
-0.3525134 0.40743738 1.098
-0.3525134 0.40927705 1.098
-0.35235289 0.4109295 1.0975001
-0.35195157 0.4122982 1.0962501
-0.34721607 0.40856275 1.0815001
-0.34721607 0.41037476 1.0815001
-0.34657398 0.41142455 1.0795001
-0.3464134 0.4130418 1.079
-0.3460924 0.41446516 1.0780001
-0.3460924 0.4162713 1.0780001
-0.3460924 0.41807747 1.0780001
-0.34785816 0.42202586 1.0835
-0.35785899 0.35758841 1.1205001
-0.35785899 0.35946578 1.1205001
-0.35737991 0.36085939 1.1190001
-0.35354739 0.35884431 1.107
-0.35354739 0.36069903 1.107
-0.35274899 0.36543614 1.1045001
-0.35274899 0.36728668 1.1045001
-0.35155135 0.36972821 1.1007501
-0.35155135 0.37157246 1.1007501
-0.34843746 0.37376505 1.0910001
-0.34843746 0.37559298 1.0910001
-0.34859711 0.37759387 1.0915
-0.34859711 0.37942263 1.0915
-0.34867695 0.38133872 1.09175
-0.34883666 0.3833434 1.0922501
-0.3489165 0.38526163 1.0925001
-0.3489165 0.38709205 1.0925001
-0.3489165 0.38892248 1.0925001
-0.3489165 0.39075294 1.0925001
-0.35187069 0.39959916 1.10175
-0.34843746 0.39752817 1.0910001
-0.34843746 0.3993561 1.0910001
-0.34843746 0.40118402 1.0910001
-0.35107228 0.40605947 1.0992501
-0.35091257 0.40771568 1.09875
-0.35091257 0.4095566 1.09875
-0.35075289 0.4112103 1.09825
-0.35051337 0.41276833 1.0975001
-0.34636152 0.4096961 1.0845001
-0.34636152 0.41151312 1.0845001
-0.34476465 0.41142455 1.0795001
-0.34476465 0.41323322 1.0795001
-0.34484449 0.41513798 1.0797501
-0.34787855 0.42061552 1.0892501
-0.34787855 0.42244053 1.0892501
-0.35115212 0.42825791 1.0995001
-0.35169196 0.35884431 1.107
-0.35169196 0.36069903 1.107
-0.35089773 0.36543614 1.1045001
-0.35089773 0.36728668 1.1045001
-0.34970635 0.36972821 1.1007501
-0.34970635 0.37157246 1.1007501
-0.34922981 0.37290791 1.0992501
-0.34922981 0.37474966 1.0992501
-0.34660882 0.37376505 1.0910001
-0.34271699 0.37137571 1.07875
-0.34271699 0.37318313 1.07875
-0.34271699 0.37499052 1.07875
-0.34271699 0.37679791 1.07875
-0.34708536 0.38343114 1.0925001
-0.3472442 0.38543791 1.0930001
-0.3472442 0.3872692 1.0930001
-0.34740302 0.38927844 1.0935
-0.34780017 0.39155769 1.09475
-0.35002404 0.39959916 1.10175
-0.3498652 0.40126297 1.1012501
-0.34954751 0.402742 1.10025
-0.34954751 0.40458542 1.10025
-0.34946808 0.40633649 1.1
-0.34938866 0.40808678 1.09975
-0.34930924 0.40983617 1.0995001
-0.34930924 0.41167834 1.0995001
-0.3488327 0.41295639 1.098
-0.34851497 0.41441825 1.097
-0.34851497 0.41625622 1.097
-0.34819728 0.41771311 1.0960001
-0.34819728 0.41954944 1.0960001
-0.3482767 0.42148185 1.0962501
-0.34915039 0.42438048 1.0990001
-0.34915039 0.42622185 1.0990001
-0.34954751 0.42855003 1.10025
-0.34983653 0.35884431 1.107
-0.34967852 0.36053613 1.1065
-0.34967852 0.36239004 1.1065
-0.34967852 0.36424395 1.1065
-0.34738737 0.37290791 1.0992501
-0.34738737 0.37474966 1.0992501
-0.34478021 0.37376505 1.0910001
-0.34090891 0.37137571 1.07875
-0.34090891 0.37318313 1.07875
-0.34090891 0.37499052 1.07875
-0.34090891 0.37679791 1.07875
-0.34533325 0.38351887 1.0927501
-0.34572828 0.38579059 1.0940001
-0.34572828 0.38762352 1.0940001
-0.34612328 0.38990143 1.09525
-0.35189068 0.40386084 1.1135
-0.35189068 0.40572649 1.1135
-0.35173267 0.4074091 1.113
-0.35173267 0.40927386 1.113
-0.3481774 0.40698293 1.10175
-0.34778243 0.4083651 1.1005001
-0.34778243 0.41020894 1.1005001
-0.34786141 0.41214639 1.1007501
-0.34746638 0.41352054 1.0995001
-0.34675536 0.41451272 1.0972501
-0.34675536 0.41635111 1.0972501
-0.34651831 0.41790363 1.0965
-0.34651831 0.41974083 1.0965
-0.3503896 0.4262878 1.1087501
-0.35046861 0.428242 1.1090001
-0.34786141 0.42690054 1.1007501
-0.34778243 0.42864743 1.1005001
-0.34798107 0.35884431 1.107
-0.34782392 0.36053613 1.1065
-0.34782392 0.36239004 1.1065
-0.34750959 0.36391479 1.1055001
-0.34750959 0.365767 1.1055001
-0.34530914 0.37265345 1.0985
-0.34530914 0.37449396 1.0985
-0.33910081 0.36956829 1.07875
-0.33910081 0.37137571 1.07875
-0.33910081 0.37318313 1.07875
-0.33910081 0.37499052 1.07875
-0.33910081 0.37679791 1.07875
-0.34350166 0.38351887 1.0927501
-0.3438946 0.38579059 1.0940001
-0.3438946 0.38762352 1.0940001
-0.34428751 0.38990143 1.09525
-0.35002431 0.40386084 1.1135
-0.35002431 0.40572649 1.1135
-0.34986717 0.4074091 1.113
-0.34986717 0.40927386 1.113
-0.34633076 0.40698293 1.10175
-0.34593785 0.4083651 1.1005001
-0.34593785 0.41020894 1.1005001
-0.34601644 0.41214639 1.1007501
-0.34562349 0.41352054 1.0995001
-0.34491622 0.41451272 1.0972501
-0.34491622 0.41635111 1.0972501
-0.34468046 0.41790363 1.0965
-0.34468046 0.41974083 1.0965
-0.34853122 0.4262878 1.1087501
-0.34703806 0.42631125 1.1040001
-0.34601644 0.42690054 1.1007501
-0.34593785 0.42864743 1.1005001
-0.34565666 0.36391479 1.1055001
-0.34565666 0.365767 1.1055001
-0.34354612 0.37089732 1.09875
-0.34338981 0.37256867 1.09825
-0.34338981 0.37440872 1.09825
-0.33729273 0.36956829 1.07875
-0.33729273 0.37137571 1.07875
-0.33729273 0.37318313 1.07875
-0.33729273 0.37499052 1.07875
-0.33729273 0.37679791 1.07875
-0.3417483 0.38360661 1.0930001
-0.34299895 0.38684848 1.097
-0.34526584 0.39680567 1.1042501
-0.34526584 0.3986558 1.1042501
-0.34526584 0.40050593 1.1042501
-0.34831437 0.4059087 1.1140001
-0.34847069 0.40795815 1.1145
-0.3525354 0.41460586 1.1275001
-0.34753266 0.41058457 1.1115
-0.34698549 0.41179749 1.10975
-0.34628201 0.41281816 1.1075001
-0.34628201 0.41467372 1.1075001
-0.34550032 0.41558906 1.105
-0.34550032 0.41744044 1.105
-0.34659466 0.42061988 1.1085
-0.34690735 0.42285827 1.1095001
-0.34682918 0.42462152 1.1092501
-0.346751 0.42638391 1.1090001
-0.34456229 0.4255389 1.102
-0.34456229 0.4273853 1.102
-0.34424967 0.42884219 1.1010001
-0.34170449 0.37089732 1.09875
-0.34154901 0.37256867 1.09825
-0.34154901 0.37440872 1.09825
-0.33548462 0.36956829 1.07875
-0.33548462 0.37137571 1.07875
-0.33548462 0.37318313 1.07875
-0.33548462 0.37499052 1.07875
-0.33548462 0.37679791 1.07875
-0.34007177 0.38378209 1.0935
-0.34209323 0.3879064 1.1
-0.34341499 0.39680567 1.1042501
-0.34341499 0.3986558 1.1042501
-0.34341499 0.40050593 1.1042501
-0.34644717 0.4059087 1.1140001
-0.35072333 0.41280827 1.12775
-0.35072333 0.41469777 1.12775
-0.35072333 0.41658726 1.12775
-0.3453587 0.41207582 1.1105001
-0.34512544 0.41365683 1.10975
-0.34512544 0.41551617 1.10975
-0.34512544 0.41737553 1.10975
-0.34512544 0.41923487 1.10975
-0.34512544 0.42109421 1.10975
-0.34512544 0.42295355 1.10975
-0.34496996 0.42462152 1.1092501
-0.34310398 0.42417318 1.10325
-0.34271523 0.4255389 1.102
-0.34271523 0.4273853 1.102
-0.34255973 0.42903692 1.1015
-0.33970824 0.37256867 1.09825
-0.33970824 0.37440872 1.09825
-0.33862564 0.37504974 1.09475
-0.33367655 0.37137571 1.07875
-0.33367655 0.37318313 1.07875
-0.33367655 0.37499052 1.07875
-0.33808434 0.38177535 1.0930001
-0.33823898 0.38378209 1.0935
-0.34086818 0.38861167 1.102
-0.34171882 0.39698532 1.10475
-0.34171882 0.39883628 1.10475
-0.34171882 0.40068725 1.10475
-0.34635857 0.40800381 1.11975
-0.34342006 0.41384318 1.11025
-0.34342006 0.41570336 1.11025
-0.34342006 0.41756356 1.11025
-0.34342006 0.41942376 1.11025
-0.34342006 0.42128393 1.11025
-0.34342006 0.4231441 1.11025
-0.34334272 0.42490861 1.11
-0.34125483 0.42417318 1.10325
-0.34102285 0.42573202 1.1025001
-0.34102285 0.42757925 1.1025001
-0.34079087 0.42913428 1.10175
-0.33786747 0.37256867 1.09825
-0.33786747 0.37440872 1.09825
-0.33679071 0.37504974 1.09475
-0.33186844 0.37137571 1.07875
-0.33186844 0.37318313 1.07875
-0.33186844 0.37499052 1.07875
-0.33625233 0.38177535 1.0930001
-0.33640614 0.38378209 1.0935
-0.33902112 0.38861167 1.102
-0.33940566 0.39090094 1.10325
-0.33940566 0.3927494 1.10325
-0.34163609 0.39719099 1.1105001
-0.33986714 0.39698532 1.10475
-0.33986714 0.39883628 1.10475
-0.33986714 0.40068725 1.10475
-0.34448174 0.40800381 1.11975
-0.34155914 0.41384318 1.11025
-0.34155914 0.41570336 1.11025
-0.34155914 0.41756356 1.11025
-0.34155914 0.41942376 1.11025
-0.34155914 0.42128393 1.11025
-0.34155914 0.4231441 1.11025
-0.3405593 0.42376021 1.107
-0.33932877 0.42407706 1.103
-0.33917496 0.42573202 1.1025001
-0.33917496 0.42757925 1.1025001
-0.3389442 0.42913428 1.10175
-0.34252846 0.37977746 1.1195
-0.34252846 0.38165316 1.1195
-0.34069267 0.38147327 1.1135
-0.33449689 0.37636754 1.09325
-0.33449689 0.37819928 1.09325
-0.33449689 0.38003096 1.09325
-0.33449689 0.38186267 1.09325
-0.33686811 0.38641435 1.1010001
-0.33740357 0.38887617 1.1027501
-0.33755654 0.39090094 1.10325
-0.33755654 0.3927494 1.10325
-0.33977479 0.39719099 1.1105001
-0.33977479 0.39905158 1.1105001
-0.33992776 0.41784567 1.1110001
-0.33992776 0.41970709 1.1110001
-0.33992776 0.42156854 1.1110001
-0.33992776 0.42342997 1.1110001
-0.3387039 0.42376021 1.107
-0.33748004 0.42407706 1.103
-0.33748004 0.42592508 1.103
-0.34095636 0.38011673 1.1205001
-0.34095636 0.38199407 1.1205001
-0.3408803 0.38378578 1.1202501
-0.3408803 0.3856627 1.1202501
-0.34095636 0.38762617 1.1205001
-0.34103245 0.38959041 1.1207501
-0.34103245 0.39146817 1.1207501
-0.3411085 0.39343369 1.1210001
-0.34141281 0.39566457 1.1220001
-0.33836991 0.42008489 1.1120001
-0.33836991 0.42194802 1.1120001
-0.33836991 0.42567426 1.1120001
-0.33570737 0.42417318 1.10325
-0.33570737 0.42602161 1.10325
-0.33915398 0.38020152 1.1207501
-0.33915398 0.3820793 1.1207501
-0.33915398 0.38395706 1.1207501
-0.33907831 0.38574877 1.1205001
-0.33907831 0.38762617 1.1205001
-0.33922961 0.38967732 1.1210001
-0.33922961 0.39155549 1.1210001
-0.33922961 0.39343369 1.1210001
-0.33727551 0.38020152 1.1207501
-0.33727551 0.3820793 1.1207501
-0.33727551 0.38395706 1.1207501
-0.33720025 0.38574877 1.1205001
-0.33720025 0.38762617 1.1205001
-0.33727551 0.38959041 1.1207501
-0.33727551 0.39146817 1.1207501
-0.33735073 0.39343369 1.1210001
-0.33960778 0.39795673 1.1285001
-0.33539701 0.38395706 1.1207501
-0.33539701 0.38583484 1.1207501
-0.33539701 0.38771263 1.1207501
-0.33539701 0.38959041 1.1207501
-0.33539701 0.39146817 1.1207501
-0.33539701 0.39334595 1.1207501
-0.3359955 0.39592901 1.12275
-0.33823997 0.40046754 1.1302501
-0.33823997 0.40236121 1.1302501
-0.3383148 0.40434435 1.1305001
-0.33351853 0.39146817 1.1207501
-0.33329532 0.39308271 1.12
-0.33329532 0.39495924 1.12
-0.33634558 0.40046754 1.1302501
-0.33634558 0.40236121 1.1302501
-0.33641997 0.40434435 1.1305001
-0.33664316 0.40650794 1.13125
-0.33686635 0.41057071 1.1320001
-0.33686635 0.41246736 1.1320001
-0.33024508 0.42481291 1.10975
-0.33024508 0.42667225 1.10975
-0.33141807 0.39308271 1.12
-0.33141807 0.39495924 1.12
-0.33445117 0.40046754 1.1302501
-0.33445117 0.40236121 1.1302501
-0.33459911 0.40443376 1.1307501
-0.33474705 0.40650794 1.13125
-0.33496901 0.41057071 1.1320001
-0.33496901 0.41246736 1.1320001
-0.328385 0.42481291 1.10975
-0.328385 0.42667225 1.10975
-0.32520092 0.38790593 1.10525
-0.32520092 0.38975778 1.10525
-0.32902595 0.39621571 1.11825
-0.32902595 0.39808929 1.11825
-0.33270389 0.40443376 1.1307501
-0.33285099 0.40650794 1.13125
-0.33307168 0.40867409 1.1320001
-0.33307168 0.41057071 1.1320001
-0.33307168 0.41246736 1.1320001
-0.32659853 0.41746956 1.11
-0.32652497 0.41923487 1.10975
-0.32652497 0.42109421 1.10975
-0.32652497 0.42295355 1.10975
-0.32645142 0.42471722 1.1095001
-0.32645142 0.42657614 1.1095001
-0.33468994 0.43924731 1.1375
-0.3347635 0.44125012 1.13775
-0.3347635 0.44315636 1.13775
-0.3233484 0.38790593 1.10525
-0.3233484 0.38975778 1.10525
-0.32678598 0.39577284 1.1170001
-0.32678598 0.39764431 1.1170001
-0.33095488 0.4046126 1.13125
-0.33102801 0.40659776 1.1315
-0.33117431 0.40867409 1.1320001
-0.33117431 0.41057071 1.1320001
-0.33702543 0.41975477 1.1520001
-0.3369523 0.4215934 1.1517501
-0.3369523 0.4235231 1.1517501
-0.32473806 0.41746956 1.11
-0.32466492 0.41923487 1.10975
-0.32466492 0.42109421 1.10975
-0.32466492 0.42295355 1.10975
-0.32459179 0.42471722 1.1095001
-0.32459179 0.42657614 1.1095001
-0.33278337 0.43924731 1.1375
-0.33285651 0.44125012 1.13775
-0.33285651 0.44315636 1.13775
-0.3214232 0.38596681 1.105
-0.3214232 0.38781819 1.105
-0.3214232 0.38966963 1.105
-0.3214232 0.39152101 1.105
-0.3214232 0.39337239 1.105
-0.3247683 0.39933696 1.1165
-0.32949513 0.40704697 1.13275
-0.32949513 0.40894485 1.13275
-0.32949513 0.41084272 1.13275
-0.33000419 0.41337827 1.1345
-0.33502188 0.4215934 1.1517501
-0.33502188 0.4235231 1.1517501
-0.33502188 0.42738256 1.1517501
-0.32847705 0.42092541 1.12925
-0.32847705 0.42281741 1.12925
-0.32302305 0.41765764 1.1105001
-0.32302305 0.41951823 1.1105001
-0.3229503 0.42128393 1.11025
-0.3229503 0.4231441 1.11025
-0.3229503 0.4250043 1.11025
-0.33073139 0.43714926 1.1370001
-0.33087683 0.43924731 1.1375
-0.33094954 0.44125012 1.13775
-0.33094954 0.44315636 1.13775
-0.31957108 0.38596681 1.105
-0.31957108 0.38781819 1.105
-0.31957108 0.38966963 1.105
-0.31957108 0.39152101 1.105
-0.31957108 0.39337239 1.105
-0.32289693 0.39933696 1.1165
-0.32788575 0.40740633 1.1337501
-0.32788575 0.40930587 1.1337501
-0.32810262 0.41147742 1.1345
-0.32810262 0.41337827 1.1345
-0.33323601 0.42177638 1.1522501
-0.33309141 0.42738256 1.1517501
-0.32658431 0.42092541 1.12925
-0.32658431 0.42281741 1.12925
-0.32607821 0.42405128 1.1275001
-0.32477677 0.42424038 1.123
-0.32477677 0.42612192 1.123
-0.32868102 0.43314862 1.1365
-0.32882565 0.43524426 1.1370001
-0.32882565 0.43714926 1.1370001
-0.32897025 0.43924731 1.1375
-0.31764713 0.38587952 1.10475
-0.31764713 0.38773048 1.10475
-0.31764713 0.38958147 1.10475
-0.31764713 0.39143243 1.10475
-0.31764713 0.39328337 1.10475
-0.32088184 0.39915815 1.1160001
-0.32598549 0.40740633 1.1337501
-0.32598549 0.40930587 1.1337501
-0.32620111 0.41147742 1.1345
-0.32620111 0.41337827 1.1345
-0.33130476 0.42177638 1.1522501
-0.33130476 0.42370695 1.1522501
-0.33130476 0.42563748 1.1522501
-0.32720745 0.42228028 1.138
-0.32469159 0.42092541 1.12925
-0.32469159 0.42281741 1.12925
-0.32418841 0.42405128 1.1275001
-0.32289454 0.42424038 1.123
-0.32289454 0.42612192 1.123
-0.32677615 0.43314862 1.1365
-0.32691994 0.43524426 1.1370001
-0.32691994 0.43714926 1.1370001
-0.32706371 0.43924731 1.1375
-0.35495722 0.42749086 1.24175
-0.35495722 0.42957139 1.24175
-0.35495722 0.43165189 1.24175
-0.31579545 0.38587952 1.10475
-0.31579545 0.38773048 1.10475
-0.31579545 0.38958147 1.10475
-0.31579545 0.39143243 1.10475
-0.31579545 0.39328337 1.10475
-0.3190113 0.39915815 1.1160001
-0.32444251 0.40785551 1.1350001
-0.32444251 0.40975717 1.1350001
-0.32951635 0.4180966 1.15275
-0.32951635 0.42002803 1.15275
-0.32937345 0.42177638 1.1522501
-0.32937345 0.42370695 1.1522501
-0.32937345 0.42563748 1.1522501
-0.32530004 0.42228028 1.138
-0.32494274 0.42372105 1.1367501
-0.32444251 0.42497039 1.1350001
-0.32444251 0.42687204 1.1350001
-0.32444251 0.4287737 1.1350001
-0.32472834 0.43105477 1.136
-0.32487124 0.43314862 1.1365
-0.3250142 0.43524426 1.1370001
-0.3250142 0.43714926 1.1370001
-0.32522857 0.43934384 1.13775
-0.32537153 0.44144407 1.1382501
-0.35287595 0.42749086 1.24175
-0.35287595 0.42957139 1.24175
-0.35287595 0.43165189 1.24175
-0.3139438 0.38773048 1.10475
-0.3139438 0.38958147 1.10475
-0.32275328 0.40241626 1.1357501
-0.32275328 0.40431917 1.1357501
-0.32275328 0.40622211 1.1357501
-0.3228243 0.40821484 1.136
-0.33056813 0.41995597 1.1632501
-0.32758427 0.42002803 1.15275
-0.32751322 0.42186791 1.1525
-0.32751322 0.42379886 1.1525
-0.32751322 0.42572984 1.1525
-0.32744217 0.42756808 1.1522501
-0.32317954 0.4239074 1.1372501
-0.3229664 0.42553198 1.1365
-0.3229664 0.42743617 1.1365
-0.3229664 0.42934033 1.1365
-0.3229664 0.43124446 1.1365
-0.3229664 0.43314862 1.1365
-0.32310849 0.43524426 1.1370001
-0.32310849 0.43714926 1.1370001
-0.32332161 0.43934384 1.13775
-0.32346374 0.44144407 1.1382501
-0.32861838 0.42385393 1.1632501
-0.32861838 0.42580292 1.1632501
-0.32565212 0.4238908 1.15275
-0.32565212 0.42582217 1.15275
-0.32565212 0.4277536 1.15275
-0.32586402 0.42996457 1.1535001
-0.32162651 0.43963349 1.1385001
-0.32162651 0.44154102 1.1385001
-0.32666868 0.42385393 1.1632501
-0.32666868 0.42580292 1.1632501
-0.32372001 0.4238908 1.15275
-0.32372001 0.42582217 1.15275
-0.32372001 0.4277536 1.15275
-0.32393065 0.42996457 1.1535001
-0.32259673 0.43781745 1.1487501
-0.32259673 0.43974215 1.1487501
-0.3223159 0.44128233 1.14775
-0.3197183 0.43963349 1.1385001
-0.3197183 0.44154102 1.1385001
-0.32067129 0.43781745 1.1487501
-0.32067129 0.43974215 1.1487501
-0.32039213 0.44128233 1.14775
-0.32039213 0.44320536 1.14775
-0.32046193 0.44522533 1.148
-0.32046193 0.44714877 1.148
-0.31042174 0.38514632 1.1187501
-0.31042174 0.38702077 1.1187501
-0.31853777 0.44330189 1.148
-0.31853777 0.44522533 1.148
-0.31853777 0.44714877 1.148
-0.43265471 0.40338942 1.56875
-0.43265471 0.40601781 1.56875
-0.3085466 0.38514632 1.1187501
-0.3085466 0.38702077 1.1187501
-0.43002534 0.40338942 1.56875
-0.43002534 0.40601781 1.56875
-0.43002534 0.40864623 1.56875
-0.43002534 0.41127458 1.56875
-0.30667147 0.3832719 1.1187501
-0.30667147 0.38514632 1.1187501
-0.30667147 0.38702077 1.1187501
-0.31002942 0.39315346 1.131
-0.42739594 0.40601781 1.56875
-0.42739594 0.40864623 1.56875
-0.42739594 0.41127458 1.56875
-0.30479634 0.3832719 1.1187501
-0.30479634 0.38514632 1.1187501
-0.30479634 0.38702077 1.1187501
-0.307044 0.391763 1.1270001
-0.307044 0.39365125 1.1270001
-0.31487674 0.40562975 1.15575
-0.31487674 0.40756622 1.15575
-0.42476657 0.40601781 1.56875
-0.42476657 0.40864623 1.56875
-0.42476657 0.41127458 1.56875
-0.30298889 0.38523239 1.1190001
-0.30298889 0.38710725 1.1190001
-0.30515504 0.391763 1.1270001
-0.30515504 0.39365125 1.1270001
-0.30881038 0.40027753 1.1405001
-0.30881038 0.40218842 1.1405001
-0.31293958 0.40950263 1.15575
-0.30501515 0.3921234 1.1335001
-0.30501515 0.39402252 1.1335001
-0.3068988 0.40027753 1.1405001
-0.3068988 0.40218842 1.1405001
-0.31100243 0.40950263 1.15575
-0.30311531 0.3921234 1.1335001
-0.30311531 0.39402252 1.1335001
-0.30371699 0.39670753 1.1357501
-0.30371699 0.39861044 1.1357501
-0.30498722 0.40218842 1.1405001
-0.30545521 0.40471935 1.1422501
-0.30919901 0.41161701 1.15625
-0.30919901 0.41355428 1.15625
-0.30953327 0.41594073 1.1575
-0.30980068 0.41824111 1.1585001
-0.31421304 0.45175934 1.1750001
-0.31421304 0.45372799 1.1750001
-0.30181333 0.39480463 1.1357501
-0.30181333 0.39670753 1.1357501
-0.30181333 0.39861044 1.1357501
-0.30300918 0.40210027 1.1402501
-0.30334133 0.40445358 1.1415
-0.3070617 0.41135004 1.1555001
-0.3070617 0.41328606 1.1555001
-0.30752674 0.41585091 1.15725
-0.30772606 0.4180606 1.1580001
-0.31224361 0.45175934 1.1750001
-0.31224361 0.45372799 1.1750001
-0.31025055 0.45278797 1.1675
-0.31025055 0.45474407 1.1675
-0.30103201 0.39628202 1.1400001
-0.30103201 0.39819205 1.1400001
-0.30103201 0.40010208 1.1400001
-0.30109802 0.40210027 1.1402501
-0.30142808 0.40445358 1.1415
-0.30327654 0.40885809 1.1485001
-0.30327654 0.4107824 1.1485001
-0.30558708 0.41585091 1.15725
-0.30578515 0.4180606 1.1580001
-0.30598319 0.4202728 1.1587501
-0.30598319 0.42221427 1.1587501
-0.31027421 0.45175934 1.1750001
-0.31027421 0.45372799 1.1750001
-0.30829373 0.45278797 1.1675
-0.30829373 0.45474407 1.1675
-0.30023637 0.40159366 1.14425
-0.30023637 0.40351084 1.14425
-0.30122033 0.40675664 1.148
-0.30135155 0.40885809 1.1485001
-0.30135155 0.4107824 1.1485001
-0.30390981 0.41621026 1.1582501
-0.30390981 0.41815087 1.1582501
-0.304041 0.4202728 1.1587501
-0.304041 0.42221427 1.1587501
-0.30288097 0.40189621 1.1617501
-0.30288097 0.40384266 1.1617501
-0.29831851 0.40159366 1.14425
-0.29831851 0.40351084 1.14425
-0.29929617 0.40675664 1.148
-0.29942656 0.40885809 1.1485001
-0.29942656 0.4107824 1.1485001
-0.30196849 0.41621026 1.1582501
-0.30196849 0.41815087 1.1582501
-0.30209884 0.4202728 1.1587501
-0.30209884 0.42221427 1.1587501
-0.30060995 0.39563063 1.1605
-0.30060995 0.39757499 1.1605
-0.30060995 0.39951935 1.1605
-0.30093375 0.40189621 1.1617501
-0.30093375 0.40384266 1.1617501
-0.30151656 0.40852523 1.164
-0.30151656 0.41047552 1.164
-0.30216417 0.41331154 1.1665001
-0.30300602 0.41642296 1.1697501
-0.30300602 0.41838285 1.1697501
-0.30022138 0.41647974 1.159
-0.30022138 0.4184216 1.159
-0.30022138 0.42036346 1.159
-0.30022138 0.42230535 1.159
-0.29860052 0.39554539 1.1602501
-0.29860052 0.39748934 1.1602501
-0.29860052 0.39943328 1.1602501
-0.30110976 0.41063106 1.1700001
-0.30110976 0.41259137 1.1700001
-0.30201051 0.41579178 1.1735001
-0.30168882 0.41731292 1.17225
-0.30168882 0.41927701 1.17225
-0.30143148 0.42088175 1.1712501
-0.29834315 0.41851187 1.15925
-0.29834315 0.42045411 1.15925
-0.29834315 0.42239642 1.15925
-0.2966558 0.39554539 1.1602501
-0.2966558 0.39748934 1.1602501
-0.2966558 0.39943328 1.1602501
-0.30004361 0.41579178 1.1735001
-0.29991576 0.41757992 1.1730001
-0.29991576 0.41954526 1.1730001
-0.29953223 0.42097157 1.1715001
-0.29953223 0.42293435 1.1715001
-0.35243413 0.41257569 1.3875
-0.35243413 0.41490039 1.3875
-0.29375863 0.38651627 1.1565001
-0.29375863 0.38845396 1.1565001
-0.29090104 0.38659403 1.1452501
-0.29090104 0.38851288 1.1452501
-0.29090104 0.3904317 1.1452501
-0.29464763 0.39740372 1.1600001
-0.29464763 0.39934725 1.1600001
-0.29775921 0.40945667 1.17225
-0.29775921 0.4114207 1.17225
-0.29775921 0.4133848 1.17225
-0.29807672 0.41579178 1.1735001
-0.29794973 0.41757992 1.1730001
-0.29794973 0.41954526 1.1730001
-0.29756871 0.42097157 1.1715001
-0.29756871 0.42293435 1.1715001
-0.32061979 0.47473061 1.2622501
-0.32061979 0.47684544 1.2622501
-0.30093428 0.461463 1.1847501
-0.3501085 0.40792626 1.3875
-0.3501085 0.41025096 1.3875
-0.3501085 0.41257569 1.3875
-0.3501085 0.41490039 1.3875
-0.2918202 0.38651627 1.1565001
-0.2918202 0.38845396 1.1565001
-0.28898147 0.38659403 1.1452501
-0.28898147 0.38851288 1.1452501
-0.28898147 0.3904317 1.1452501
-0.29062161 0.39457735 1.1517501
-0.29062161 0.39650705 1.1517501
-0.29510048 0.40457726 1.1695001
-0.29535282 0.40688428 1.1705
-0.29535282 0.40884539 1.1705
-0.29579437 0.4114207 1.17225
-0.29579437 0.4133848 1.17225
-0.29585746 0.41543743 1.1725
-0.29566821 0.41713494 1.1717501
-0.29566821 0.41909817 1.1717501
-0.29566821 0.4210614 1.1717501
-0.31850412 0.47473061 1.2622501
-0.31850412 0.47684544 1.2622501
-0.29857004 0.45691374 1.1832501
-0.29857004 0.45889628 1.1832501
-0.29882234 0.46126822 1.18425
-0.34778294 0.40792626 1.3875
-0.34778294 0.41025096 1.3875
-0.34778294 0.41257569 1.3875
-0.2898818 0.38651627 1.1565001
-0.2898818 0.38845396 1.1565001
-0.28931782 0.38963208 1.15425
-0.28931782 0.39156601 1.15425
-0.28869119 0.39264765 1.1517501
-0.28869119 0.39457735 1.1517501
-0.28869119 0.39650705 1.1517501
-0.29314032 0.40457726 1.1695001
-0.29326564 0.40671048 1.1700001
-0.29332829 0.40875807 1.1702501
-0.29351628 0.41098198 1.171
-0.29351628 0.41294399 1.171
-0.29364163 0.41508314 1.1715001
-0.29370427 0.41713494 1.1717501
-0.29370427 0.41909817 1.1717501
-0.29370427 0.4210614 1.1717501
-0.29658681 0.45691374 1.1832501
-0.29658681 0.45889628 1.1832501
-0.29683745 0.46126822 1.18425
-0.34545738 0.40792626 1.3875
-0.34545738 0.41025096 1.3875
-0.34545738 0.41257569 1.3875
-0.29205152 0.39203078 1.1730001
-0.29205152 0.39399609 1.1730001
-0.28738317 0.38963208 1.15425
-0.28738317 0.39156601 1.15425
-0.29130459 0.4047502 1.1700001
-0.29130459 0.40671048 1.1700001
-0.29136685 0.40875807 1.1702501
-0.29155356 0.41098198 1.171
-0.29155356 0.41294399 1.171
-0.29167807 0.41508314 1.1715001
-0.31821609 0.33949938 1.2867501
-0.31821609 0.34165528 1.2867501
-0.29008546 0.39203078 1.1730001
-0.29008546 0.39399609 1.1730001
-0.28544855 0.38963208 1.15425
-0.28544855 0.39156601 1.15425
-0.28934357 0.4047502 1.1700001
-0.28934357 0.40671048 1.1700001
-0.28940538 0.40875807 1.1702501
-0.28538671 0.40501559 1.154
-0.28538671 0.4069491 1.154
-0.28971452 0.41508314 1.1715001
-0.31605938 0.33949938 1.2867501
-0.31605938 0.34165528 1.2867501
-0.28824222 0.39219788 1.1735001
-0.28824222 0.39416403 1.1735001
-0.28486487 0.3914887 1.1597501
-0.2832683 0.3912268 1.1532501
-0.2832683 0.393159 1.1532501
-0.28093484 0.39375293 1.1437501
-0.28093484 0.39566928 1.1437501
-0.28345251 0.40501559 1.154
-0.28345251 0.4069491 1.154
-0.28369814 0.40923691 1.1550001
-0.28388235 0.41143903 1.15575
-0.28388235 0.41337547 1.15575
-0.28412798 0.41567123 1.1567501
-0.28449643 0.41815087 1.1582501
-0.28541753 0.42145154 1.1620001
-0.28541753 0.42339846 1.1620001
-0.28365284 0.38860509 1.16275
-0.28365284 0.39055321 1.16275
-0.28353086 0.39233258 1.16225
-0.28133532 0.3912268 1.1532501
-0.28066447 0.39222148 1.1505001
-0.28066447 0.39414909 1.1505001
-0.27895683 0.39366686 1.1435001
-0.27895683 0.3955828 1.1435001
-0.28176224 0.40730175 1.1550001
-0.28176224 0.40923691 1.1550001
-0.2819452 0.41143903 1.15575
-0.2819452 0.41337547 1.15575
-0.28218916 0.41567123 1.1567501
-0.2824941 0.4180606 1.1580001
-0.28316495 0.42099819 1.16075
-0.28316495 0.422943 1.16075
-0.28359187 0.42552835 1.1625
-0.28377482 0.4277519 1.1632501
-0.28170395 0.38860509 1.16275
-0.28170395 0.39055321 1.16275
-0.28170395 0.39250135 1.16275
-0.28164339 0.39436471 1.1625
-0.27873611 0.39222148 1.1505001
-0.27873611 0.39414909 1.1505001
-0.27704021 0.39366686 1.1435001
-0.27704021 0.3955828 1.1435001
-0.28006861 0.4095912 1.156
-0.28006861 0.41152802 1.156
-0.28006861 0.41346487 1.156
-0.28025034 0.41567123 1.1567501
-0.28055319 0.4180606 1.1580001
-0.28121942 0.42099819 1.16075
-0.28121942 0.422943 1.16075
-0.28164339 0.42552835 1.1625
-0.28182513 0.4277519 1.1632501
-0.27602583 0.37958044 1.1472501
-0.27602583 0.3815026 1.1472501
-0.27975509 0.38860509 1.16275
-0.27975509 0.39055321 1.16275
-0.27975509 0.39250135 1.16275
-0.27969494 0.39436471 1.1625
-0.27680776 0.39222148 1.1505001
-0.27680776 0.39414909 1.1505001
-0.2751236 0.39366686 1.1435001
-0.2751236 0.3955828 1.1435001
-0.27536416 0.39784625 1.1445
-0.2780709 0.40950263 1.15575
-0.2780709 0.41143903 1.15575
-0.2780709 0.41337547 1.15575
-0.27825135 0.41558141 1.1565001
-0.27861226 0.4180606 1.1580001
-0.2792739 0.42099819 1.16075
-0.2792739 0.422943 1.16075
-0.27957463 0.42534536 1.1620001
-0.27981526 0.42765996 1.1630001
-0.2798754 0.42970088 1.1632501
-0.2798754 0.43164986 1.1632501
-0.2798754 0.43359885 1.1632501
-0.27410293 0.37958044 1.1472501
-0.27410293 0.3815026 1.1472501
-0.27786595 0.38868865 1.1630001
-0.27786595 0.39063722 1.1630001
-0.27780619 0.39250135 1.16275
-0.27780619 0.39444953 1.16275
-0.27780619 0.39639765 1.16275
-0.27780619 0.3983458 1.16275
-0.27517807 0.39650705 1.1517501
-0.27344587 0.39592871 1.1445
-0.27344587 0.39784625 1.1445
-0.27470022 0.40159765 1.1497501
-0.2735056 0.40176913 1.14475
-0.2735056 0.40368712 1.14475
-0.2736848 0.40587088 1.1455001
-0.27613375 0.41143903 1.15575
-0.27613375 0.41337547 1.15575
-0.27631295 0.41558141 1.1565001
-0.27673107 0.41815087 1.1582501
-0.2773881 0.42108884 1.161
-0.2773881 0.42303407 1.161
-0.27762702 0.42534536 1.1620001
-0.27780619 0.42756799 1.16275
-0.27786595 0.42960852 1.1630001
-0.27786595 0.43155712 1.1630001
-0.27792567 0.43359885 1.1632501
-0.27591664 0.38868865 1.1630001
-0.27591664 0.39063722 1.1630001
-0.27591664 0.39258578 1.1630001
-0.27591664 0.39453438 1.1630001
-0.27591664 0.39648291 1.1630001
-0.28611821 0.41316283 1.2060001
-0.27277315 0.39967129 1.1497501
-0.27277315 0.40159765 1.1497501
-0.27158689 0.40176913 1.14475
-0.27158689 0.40368712 1.14475
-0.27176484 0.40587088 1.1455001
-0.27419659 0.41143903 1.15575
-0.27419659 0.41337547 1.15575
-0.27449316 0.41576108 1.1570001
-0.27502695 0.41851187 1.15925
-0.27544212 0.42108884 1.161
-0.27544212 0.42303407 1.161
-0.27567938 0.42534536 1.1620001
-0.2758573 0.42756799 1.16275
-0.27591664 0.42960852 1.1630001
-0.27591664 0.43155712 1.1630001
-0.27597594 0.43359885 1.1632501
-0.28397903 0.40895197 1.2055
-0.28397903 0.41097173 1.2055
-0.28409684 0.41316283 1.2060001
-0.28079885 0.41435802 1.192
-0.28079885 0.41635516 1.192
-0.27178833 0.40492785 1.1537501
-0.27178833 0.40686095 1.1537501
-0.27202389 0.40914834 1.1547501
-0.27231833 0.41152802 1.156
-0.27231833 0.41346487 1.156
-0.27308393 0.41656959 1.15925
-0.27761865 0.4254615 1.1785001
-0.27744201 0.42716402 1.1777501
-0.27744201 0.42913732 1.1777501
-0.27738309 0.43101904 1.1775
-0.2773242 0.43289998 1.17725
-0.2773242 0.43487239 1.17725
-0.28195849 0.40895197 1.2055
-0.28195849 0.41097173 1.2055
-0.28207546 0.41316283 1.2060001
-0.27880093 0.41435802 1.192
-0.27880093 0.41635516 1.192
-0.26985452 0.40492785 1.1537501
-0.26985452 0.40686095 1.1537501
-0.27008843 0.40914834 1.1547501
-0.27038077 0.41152802 1.156
-0.27038077 0.41346487 1.156
-0.27114093 0.41656959 1.15925
-0.27564338 0.4254615 1.1785001
-0.27546796 0.42716402 1.1777501
-0.27546796 0.42913732 1.1777501
-0.27540946 0.43101904 1.1775
-0.27535102 0.43289998 1.17725
-0.27535102 0.43487239 1.17725
-0.27337781 0.41712046 1.17725
-0.27337781 0.41909286 1.17725
-0.273552 0.42133361 1.1780001
-0.273552 0.4233073 1.1780001
-0.27657083 0.42997426 1.1910001
-0.27662888 0.43206039 1.1912501
-0.27674496 0.43423849 1.19175
-0.27674496 0.43623522 1.19175
-0.27691916 0.43850777 1.1925001
-0.27814797 0.42950568 1.2065001
-0.27814797 0.43152717 1.2065001
-0.27814797 0.4335486 1.2065001
-0.27803272 0.43538955 1.2060001
-0.27803272 0.43741015 1.2060001
-0.27809033 0.43952185 1.2062501
-0.27809033 0.44154289 1.2062501
-0.28121802 0.43948531 1.2287501
-0.28121802 0.44154403 1.2287501
-0.28121802 0.44360274 1.2287501
-0.28121802 0.44566146 1.2287501
-0.27029812 0.40360898 1.1897501
-0.26734468 0.40117049 1.1767501
-0.26734468 0.40314206 1.1767501
-0.27001414 0.40915877 1.1885
-0.27001414 0.4111501 1.1885
-0.2791585 0.43948531 1.2287501
-0.2791585 0.44154403 1.2287501
-0.2791585 0.44360274 1.2287501
-0.2791585 0.44566146 1.2287501
-0.26830399 0.40360898 1.1897501
-0.26537234 0.40117049 1.1767501
-0.26537234 0.40314206 1.1767501
-0.26537234 0.40511367 1.1767501
-0.26537234 0.4070853 1.1767501
-0.26339999 0.40314206 1.1767501
-0.26339999 0.40511367 1.1767501
-0.26339999 0.4070853 1.1767501
-0.26148316 0.40322772 1.177
-0.26148316 0.40519974 1.177
-0.26148316 0.40717179 1.177
-0.2595104 0.40322772 1.177
-0.2595104 0.40519974 1.177
-0.2595104 0.40717179 1.177
-0.25956553 0.40923068 1.17725
-0.25962064 0.41129044 1.1775
-0.25759232 0.40725824 1.17725
-0.25759232 0.40923068 1.17725
-0.25764704 0.41129044 1.1775
-0.25952753 0.42149559 1.19525
-0.25952753 0.42349815 1.19525
-0.25752416 0.42149559 1.19525
-0.25752416 0.42349815 1.19525
-0.25557426 0.41757768 1.1955
-0.25557426 0.4195807 1.1955
-0.25552082 0.42149559 1.19525
-0.25552082 0.42349815 1.19525
-0.2535705 0.41757768 1.1955
-0.2535705 0.4195807 1.1955
-0.25351748 0.42149559 1.19525
-0.25351748 0.42349815 1.19525
-0.25305957 0.42139727 1.2122501
-0.25300735 0.42334098 1.212
-0.25300735 0.42537165 1.212
-0.25102773 0.42139727 1.2122501
-0.25097594 0.42334098 1.212
-0.25097594 0.42537165 1.212
-0.24899587 0.42139727 1.2122501
-0.24894451 0.42334098 1.212
-0.24894451 0.42537165 1.212
-0.24772798 0.42270082 1.2160001
-0.24721865 0.42386493 1.2135
-0.24721865 0.42589808 1.2135
-0.24732053 0.42810765 1.2140001
-0.24732053 0.43014166 1.2140001
-0.24548779 0.42438886 1.215
-0.24528575 0.42607361 1.2140001
-0.24528575 0.42810765 1.2140001
-0.24528575 0.43014166 1.2140001
-0.24670736 0.43006486 1.23125
-0.24355154 0.42660007 1.2155001
-0.24355154 0.42863661 1.2155001
-0.24355154 0.43067312 1.2155001
-0.24464367 0.43006486 1.23125
-0.24151424 0.42660007 1.2155001
-0.24151424 0.42863661 1.2155001
-0.24151424 0.43067312 1.2155001
-0.24469334 0.43840551 1.2315
-0.24868758 0.43454832 1.2622501
-0.24868758 0.43666318 1.2622501
-0.24262923 0.43015218 1.2315
-0.24257998 0.43212774 1.23125
-0.24257998 0.43419069 1.23125
-0.24257998 0.43625361 1.23125
-0.24262923 0.43840551 1.2315
-0.24657193 0.43454832 1.2622501
-0.24657193 0.43666318 1.2622501
-0.24427664 0.43678871 1.2505001
-0.24119999 0.43335614 1.23475
-0.24119999 0.43542495 1.23475
-0.24119999 0.43749371 1.23475
-0.24417895 0.44499135 1.25
-0.24218069 0.43678871 1.2505001
-0.24213228 0.43879613 1.2502501
-0.24213228 0.44089091 1.2502501
-0.24213228 0.44298565 1.2502501
-0.24224463 0.43649024 1.2617501
-0.24224463 0.43860424 1.2617501
-0.24008472 0.43678871 1.2505001
-0.24003673 0.43879613 1.2502501
-0.24003673 0.44089091 1.2502501
-0.24003673 0.44298565 1.2502501
-0.24012981 0.43649024 1.2617501
-0.24012981 0.43860424 1.2617501
-0.24012981 0.44071826 1.2617501
-0.24828646 0.42380846 1.3280001
-0.24814622 0.42579287 1.32725
-0.24814622 0.42801663 1.32725
-0.24814622 0.43024039 1.32725
-0.24606059 0.42380846 1.3280001
-0.24592161 0.42579287 1.32725
-0.24592161 0.42801663 1.32725
-0.24592161 0.43024039 1.32725
-0.23474602 0.41657972 1.2785001
-0.23474602 0.41872182 1.2785001
-0.23474602 0.4208639 1.2785001
-0.23251216 0.41641682 1.2780001
-0.23251216 0.41855809 1.2780001
-0.23251216 0.42069933 1.2780001
-0.23037012 0.41641682 1.2780001
-0.23037012 0.41855809 1.2780001
-0.23037012 0.42069933 1.2780001
-0.22822806 0.41641682 1.2780001
-0.22822806 0.41855809 1.2780001
-0.22822806 0.42069933 1.2780001
-0.22236854 0.46729404 1.3065001
-0.22236854 0.46948302 1.3065001
-0.22017872 0.46729404 1.3065001
-0.22017872 0.46948302 1.3065001
-0.21233043 0.39947629 1.2855
-0.21233043 0.40163007 1.2855
-0.21579908 0.46729404 1.3065001
-0.21579908 0.46948302 1.3065001
-0.20563875 0.38874549 1.25775
-0.20563875 0.39085281 1.25775
-0.20563875 0.3929601 1.25775
-0.21360925 0.46729404 1.3065001
-0.21360925 0.46948302 1.3065001
-0.20353064 0.38874549 1.25775
-0.20353064 0.39085281 1.25775
-0.20353064 0.3929601 1.25775
-0.16153881 0.40838704 1.3285
-0.16153881 0.41061291 1.3285
-0.16150843 0.41276106 1.3282501
-0.16150843 0.41498649 1.3282501
-0.15931211 0.40838704 1.3285
-0.15931211 0.41061291 1.3285
-0.15928215 0.41276106 1.3282501
-0.15928215 0.41498649 1.3282501
-0.15708542 0.40838704 1.3285
-0.15708542 0.41061291 1.3285
-0.15705587 0.41276106 1.3282501
-0.15705587 0.41498649 1.3282501
